year,L,aL,sigma,sigmatot,gA,gsig,eland,cost1tot,pbacktime,cpricebase,varpcc,rprecaut,rr,rr1,CO2E_GHGabateB,F_Misc,emissrat,UTILITY,MIU,C,K,CPC,I,S,Y,YGROSS,YNET,DAMAGES,DAMFRAC,ABATECOST,MCABATE,CCATOT,PERIODU,CPRICE,TOTPERIODU,RFACTLONG,RSHORT,RLONG,FORC,TATM,TBOX1,TBOX2,RES0,RES1,RES2,RES3,MAT,CACC,IRFt,ECO2,ECO2E,EIND,F_GHGabate,alpha,ppm,abaterat,atfrac2020,atfrac1765,FORC_CO2
2020,7752.9,5.84,0.29135476864600707,0.4078966761044099,0.066,-0.015,5.9,0.1090617323932941,695.1772859016417,6.0,0.0,-0.0,1.0,1.0,9.959999998,-0.054,1.4,6659.474677391089,0.05,99.76404822738097,295.0,12.867965306837567,34.393889303577126,0.25636864979114965,134.1579375309581,134.89143646541945,134.1640326021515,0.7274038632679435,0.0053925132857075,0.006095071193412289,5.760332870050511,633.5,1.725083608953145,5.760332870050511,13374.400711852837,1000000.0,1.0,1.0,2.7918384642977476,1.24715,0.1477,1.099454,150.093,102.698,39.534,6.1865,886.5128014,334.9871986000001,43.959136523400005,42.94120010052435,52.403200098624346,37.33620010052435,0.518,0.4471535905388446,416.2031931455399,4.543205795785135e-05,0.0,0.47121199161464883,2.327838464297747
2025,8137.367350850203,6.252676659528908,0.27030248882209557,0.3752136422961714,0.06550685161806313,-0.0144,5.3100000000000005,0.09543026326887588,661.2730895941868,6.788449277343746,0.0005,-0.000225625,0.8790867031950537,0.8780954309205617,10.30624999828125,-0.034062499999999996,1.3881249999999998,,0.1,116.12105329186738,346.1639965247008,14.270100916574068,39.4815104274463,0.2537330329509589,155.6025637193137,156.74340800643665,155.64013667905445,1.1032713273821837,0.007038709579013862,0.03757295974076163,16.610429012740564,692.0561819552605,1.8429057511279783,16.610429012740564,13183.136793931017,796820.3301274673,0.04542521166380731,0.04542521166380731,3.013937080018834,1.424851494800941,0.16507494629035324,1.2597765485105876,162.80657973479381,113.131821286306,44.75727213568762,7.026635935551202,915.7223090923387,364.3338728629218,45.25685006024143,42.910319961537304,52.18594495999043,38.13131996153731,0.536360099981855,0.5118567994992205,429.91657703865667,0.00024146748512793298,0.49882867578984863,0.473548698648917,2.511639480036979
2030,8481.17060833459,6.69098181228545,0.251524817063623,0.34616102948381117,0.06501738801380214,-0.013824,4.779000000000001,0.08374732639701223,629.0224204524875,7.680507265178139,0.001,-0.00045125,0.7745396070563381,0.7710515858035668,10.6524999985625,-0.014124999999999999,1.37625,,0.23999999715694487,133.81345093961946,401.81393045110514,15.77771007319658,44.87762905020773,0.25114644252395024,178.6910799898272,180.5578629439167,179.0610244874056,1.4968384565110913,0.00829007627862779,0.36994449757842063,64.12156358170196,750.5702546300842,1.9579018172627927,64.12156358170196,12861.462030948354,638169.7956921904,0.044404967055604976,0.044915089359706145,3.194876393831537,1.5463305727295187,0.18331462768919277,1.3630159450403259,174.1088478326567,122.19237785610116,48.35981729163312,7.109173055317538,939.7702160357086,398.80003859437556,46.41766756871157,38.14727556194289,46.24317559113604,34.515235548355925,0.5503882648196045,0.575633387675714,441.2066741951684,0.0020703019848527494,0.4549183757633945,0.4686705996927247,2.6586131290119335
2035,8786.618184800645,7.156263364162137,0.2347266535787394,0.32025517797649256,0.0645315816547602,-0.013271039999999998,4.301100000000001,0.07370114137493339,598.3446350050658,8.689788998988657,0.0015,-0.000676875,0.6839684848167449,0.6770568744981654,10.998749998843751,0.005812500000000005,1.364375,,0.27469370590578657,153.01507467004186,461.65525304812115,17.41455830352705,50.88759279993811,0.249568058286585,203.90266746997995,206.374901022094,204.4312803413097,1.9436206807843208,0.009417912116048654,0.5286128713297589,75.70234538989043,802.5892667600062,2.0714887180730206,75.70234538989043,12449.170601003512,513101.9179360142,0.043625977901218256,0.04448538554021018,3.3639211521722396,1.6481638940139405,0.20232012603217744,1.4458437679817628,185.4429808184197,131.3322015058187,52.18002682843066,7.719296347098872,964.674505499768,425.9147612602383,47.35698308251259,38.25467748223935,46.23214008356944,35.13506258071072,0.5512001412884739,0.6314610499372172,452.8988288731305,0.0025924764883597474,0.4622510995224459,0.4693241193308428,2.8069085108837664
2040,9056.484468787621,7.649925132503061,0.21965682912287354,0.2970858613886865,0.06404940521420154,-0.012740198399999998,3.8709900000000004,0.06503472573145694,569.1630228089585,9.831698641742365,0.002,-0.0009025,0.6053540109381833,0.5945205479701953,11.344999999125001,0.025750000000000002,1.3525,,0.3099253748642295,173.81814654495983,527.0407743758685,19.192673177324913,57.45264212303526,0.2484215254937035,231.2707886679951,234.46725673080988,231.99605257752583,2.471204153284035,0.010539655676191946,0.7252639095307455,87.34702013363078,854.754736053969,2.1839146370974922,87.34702013363078,11973.048177024004,414061.75350752944,0.04289187402314162,0.04408700766094304,3.529147204730242,1.7435575654940403,0.22204944963208656,1.5215081158619537,196.76442389767496,140.50437609621693,56.129728244660335,8.390653234350248,989.7891814729024,452.9655545810665,48.26826279732294,38.21172590300612,46.040622524567624,35.54045392985181,0.5507680894920786,0.6893753024611632,464.6897565600481,0.0031359944492251072,0.46677588578240514,0.470063703451532,2.9526291152381643
2045,9293.783346442808,8.173428357352368,0.20610082048006811,0.2763039124560913,0.06357083156957424,-0.012230590463999998,3.4838910000000007,0.057535466632715596,541.4046146336524,11.123664589932911,0.0025,-0.001128125,0.5369872355398027,0.522045776761017,11.691249999406251,0.0456875,1.340625,,0.34890772176839363,196.31593412578155,598.4755174786912,21.12336029448345,64.6058103607917,0.24760608008320384,260.92174448657323,265.00432251560716,261.90856031803315,3.095762197574033,0.01168193095186857,0.9868158314599106,100.42894091171382,906.8616350126138,2.295291325293705,100.42894091171382,11454.979647309043,335330.8372673171,0.04217950146724647,0.043705506422203735,3.6882315826134193,1.8356099225257012,0.24244570902535864,1.5931642135003428,207.9726256038722,149.60862661682094,60.087151550674456,9.032954713543177,1014.7013584849108,480.160276527703,49.16836058134591,37.82943754871073,45.44152014619942,35.561103020410144,0.5489772877885919,0.750376078403279,476.3856143121647,0.003782037535436956,0.46893395406292576,0.4705253120270355,3.0935667948248273
2050,9501.598424748781,8.728293215227449,0.1938747857783682,0.2576111216030067,0.0630958338009846,-0.011741366845439997,3.1355019000000004,0.05102681831751864,515.0,12.585405474490715,0.003,-0.00135375,0.47741937304537674,0.45840601130522457,12.037499999687501,0.06562500000000002,1.3287499999999999,,0.391949544706413,220.61798937963042,676.4228601204533,23.219039525495784,72.38332466955151,0.2470409557869818,293.00131404918193,298.1621286664803,294.3337593730729,3.828369293407463,0.012839891204592986,1.3324453238909464,115.07354488873256,958.4472316699466,2.405730934758387,115.07354488873256,10912.990127432346,272509.9644670838,0.0414884876281225,0.04333600328985685,3.838810486070842,1.9244372343000944,0.2634371519514695,1.6610000823486248,218.95155732663395,158.52910998585034,63.9273969931878,9.606927234872934,1039.014991540545,507.4322401294016,50.05649364331852,37.05558022660638,44.37498758201292,35.149036868737475,0.5453648335919946,0.8144696709898537,487.80046551199297,0.004547574567079545,0.4693136933762424,0.47056840682719364,3.2278206524788478
2055,9682.961394142814,9.316100333546176,0.1828206618271585,0.24075195904363936,0.06262438518968289,-0.011271712171622397,2.8219517100000004,0.04744956533608882,512.4314267842313,14.239231116397423,0.0035,-0.001579375,0.4254200792165602,0.402524224033637,12.38374999996875,0.08556250000000001,1.316875,,0.42715255704195426,246.83549172280755,761.337558018597,25.49173560395659,80.87259770473243,0.246782427147299,327.70808942753996,334.1281559690221,329.4445348574145,4.683621111607529,0.014017439200908767,1.7364454298745473,131.3918941349553,1008.9775683425917,2.5152697995031055,131.3918941349553,10361.216793580825,222214.7773418545,0.04080616012068531,0.042974597122832345,3.983156506428662,2.0107469550519954,0.2849689662325382,1.725777988819457,229.79826599570114,167.36531207601035,67.78059897900798,10.227975210744496,1063.172152261464,533.8054160811278,50.917063973332986,36.60923783252311,43.703237354236904,34.99269001129852,0.5394594619668397,0.8805071501681963,499.1418555218141,0.005298756685890403,0.47049241033582356,0.47094421368808886,3.3581345444618225
2060,9840.769455788895,9.93849230378298,0.17280211942118176,0.2255067658446422,0.06215645921656042,-0.0108208436847575,2.5397565390000008,0.04422323540669511,509.87566438082155,16.11038303033978,0.004,-0.001805,0.37994272512233224,0.3534546819587812,12.730000000250001,0.10550000000000001,1.305,,0.46450542827116875,275.09001703315846,853.9252031537311,27.954116623607618,90.12296936531547,0.2467682495468131,365.2129863984739,373.1356940566899,367.4604536465588,5.675240410131114,0.015209588630962986,2.2474672480848557,149.5028782893527,1058.8992562960323,2.6239374629656895,149.5028782893527,9810.715256093485,181814.71795075276,0.04013124887832615,0.04261917859226907,4.1206357411154535,2.094506985623258,0.30698318315646317,1.7875238024667952,240.43129108029416,176.03512613381616,71.55278647909638,10.810257481779,1086.8294611749857,560.0697951210466,51.764947702420756,35.887986891102805,42.70483278934471,34.527961050955504,0.5322222921858158,0.9496210239812707,510.24857332158956,0.006153853591703077,0.4708909385743671,0.47108301710309236,3.482913448929639
2065,9977.733279871927,10.59717519137652,0.16370121443959496,0.2116861329222012,0.061692029560657814,-0.0103880099373672,2.2857808851000008,0.041305879442262154,507.3326488955773,18.227419673340176,0.0045000000000000005,-0.0020306250000000003,0.3400954478295329,0.3103669412654861,13.07625000053125,0.1254375,1.2931249999999999,,0.5040228419132958,305.51591079217525,954.849140029307,30.61977126693617,100.20513889460544,0.24698037967703293,405.7210496867807,415.4252269270936,408.61089973196414,6.814327195129441,0.016403258043655937,2.8898500451834725,169.51696250237862,1107.8374202384452,2.731767929821501,169.51696250237862,9269.931214673621,149256.53704526322,0.0394643169359156,0.0422686384082298,4.2496018386658845,2.1751446211168495,0.32941186689236945,1.8457327542244797,250.76060803430852,184.44740352882513,75.14566521238584,11.313676873777474,1109.667353649297,586.1700665891482,52.59670861214549,34.86292635083613,41.348447664530894,33.72923124343533,0.5233442719001975,1.0216179686789908,520.970588567745,0.0071227510808582785,0.470455287783465,0.4708880016240433,3.600820066765687
2070,10096.34802650772,11.293920040362254,0.15541560533967688,0.199126244341461,0.06123107009768449,-0.00997248953987251,2.057202796590001,0.03866130364226511,504.802316752979,20.622652318221217,0.005,-0.00225625,0.3051169779497439,0.2725317930340136,13.422500000812501,0.145375,1.28125,,0.5457073289297308,338.2607739411723,1064.8545631575946,33.50327990408777,111.1980588400004,0.24740432433361303,449.4588327811727,461.2610850810426,453.15131791309807,8.109767167944497,0.017581728505277287,3.692485131925353,191.53890387451318,1155.3777743532216,2.8387984570419196,191.53890387451318,8745.109408998522,122932.80809075576,0.03880572403744297,0.04192234697115111,4.368416727766331,2.2519246971072073,0.35217737967760554,1.8997473174296018,260.68655357017127,192.5007240933787,78.45278401422212,11.70346514079505,1131.3435268185672,612.0342475346546,53.407917066609954,33.501528438294194,39.599271816103986,32.56695628489809,0.512536146651855,1.096153235989518,531.1471956894682,0.00821540230743025,0.4691342163989469,0.4702734760671635,3.710505581114476
2075,10198.881210062771,12.030564370656636,0.14785623339205478,0.18768500626203952,0.060773554898549104,-0.009573589958277612,1.8514825169310005,0.03625818814516554,502.2846046945913,23.332638204423365,0.0055,-0.0024818749999999997,0.2743564234645314,0.2393089222437555,13.76875000109375,0.1653125,1.269375,,0.5895497294857197,373.48613836569956,1184.7762651830228,36.6203047837441,123.18948117382226,0.24802804149725277,496.67561953952185,510.93267587973685,501.3650805773835,9.567595302353322,0.018725745590413834,4.689461037861602,215.66644425786785,1201.0616767690776,2.9450690302741296,215.66644425786785,8240.681800512402,101581.27584219853,0.03815574103119363,0.041579928249336796,4.475370098036984,2.324034862400698,0.3751920945427226,1.9488427678579756,270.09863143804375,200.08215813832157,81.35684332873454,11.941848144287714,1151.4794810493877,637.5821957196899,54.193666920573015,31.76723519597796,37.41862235857039,31.007293696051175,0.4995270715253307,1.1727398056649843,540.6006953283511,0.009441697666193677,0.4668508918523848,0.4691511578936288,3.810530526511654
2080,10287.372420298283,12.809013665876018,0.1409453823143257,0.17723881826026455,0.060319458227901065,-0.009190646359946505,1.6663342652379007,0.03406935348820234,499.7794497774817,26.398738492890146,0.006,-0.0027075,0.24725633534918434,0.21013607120076566,14.115000001375,0.18525000000000003,1.2574999999999998,,0.6355289290912643,411.3687038423671,1315.5459426756815,39.98773321656799,136.27633256220602,0.24884062395031334,547.6450364045731,564.7556942566662,553.5657813646673,11.189912891998867,0.019813723005886776,5.920744960094208,241.98860360100883,1244.380633854502,3.050623236816839,241.98860360100883,7759.620191685128,84207.61532384082,0.037514772966811896,0.041241165309126394,4.568633155355056,2.3905956384854252,0.3983577999556086,1.9922378385298167,278.8742182623848,207.06594414351596,83.72748084102048,11.98596670005002,1169.6536099469713,662.7270239075309,54.94864428853488,29.61912117636455,34.7636303427425,29.01179054222137,0.48406355598606743,1.25072460693446,549.1331502098457,0.01081128206504962,0.46349612055216644,0.467424186336814,3.8993195993689898
2085,10363.64102481578,13.631242849532786,0.13461505004359647,0.16767987171055485,0.059868754542682916,-0.008823020505548645,1.4997008387141106,0.03207114809436889,497.28678937264675,29.86774954080778,0.006500000000000001,-0.002933125,0.22333849974928563,0.18451952399299015,14.46125000165625,0.20518750000000002,1.245625,,0.6836121375435915,452.10255230816557,1458.198386473772,43.62391086545782,150.5643212745922,0.24983009333085043,602.6668735827577,623.0732296195874,610.0997855372316,12.973444082355787,0.020821700348571583,7.4329119544738695,270.584270159281,1284.7703445495447,3.1555107934662616,270.584270159281,7303.7454037996395,70026.04754540022,0.03688361596173953,0.040905969205481243,4.646215841837604,2.4506493520059807,0.4215648263759212,2.0290845256300596,286.87716163866975,213.31205637628736,85.41932075348431,11.787271624203862,1185.3958103926452,687.3745341568994,55.66707070008599,27.011529858994894,31.58689383546665,26.537042716310054,0.4659087842429135,1.3292533839666554,556.5238546444344,0.012333367371407694,0.458923098379581,0.4649825614960575,3.975119557594691
2090,10429.298922958658,14.499297747413989,0.12880557817373764,0.1589138820718488,0.05942141849069353,-0.0084700996853267,1.3497307548426996,0.0302429351958096,494.8065611634464,33.7926171310301,0.007,-0.00315875,0.2021919989213666,0.1620257509338816,14.8075000019375,0.22512500000000002,1.23375,,0.7337566194241211,495.9031453461522,1613.8731715663776,47.5490393946318,166.16553962639733,0.2509793068271864,662.0686849725496,686.2563399214647,671.3486340301988,14.907705891265985,0.021723232302629108,9.279949057649304,301.5217890062894,1321.6042489027195,3.259792562777043,301.5217890062894,6873.992369669548,58413.56240689991,0.036263836951744205,0.04057438833021431,4.705918529267512,2.503140934470544,0.4446908630120901,2.058450071458454,293.9562318441412,218.66462292695448,86.2701894427351,11.291473339367245,1198.182517553198,711.4217313495215,56.342594887710725,23.893579649140786,27.835978507533966,23.534222770104233,0.44484218920845375,1.4072305623504073,562.5270035461024,0.014016595661874668,0.4529396702909527,0.461698358977604,4.035951340059058
2095,10485.766194134481,15.41529653391382,0.12346449478415682,0.15085817956439163,0.05897742490916204,-0.008131295697913632,1.2147576793584296,0.028566661725155488,492.33870314404646,38.23324455711587,0.0075,-0.003384375,0.1834631629258703,0.14227407158651437,15.15375000221875,0.24506250000000002,1.221875,,0.7859146040599089,543.0148504049582,1783.8036671656944,51.785901034939094,183.19129339096253,0.2522579779254018,726.2061437959208,754.703072353113,737.7303638764436,16.972708476669506,0.022489253189005517,11.524220080522738,334.8609860744169,1354.1864029697297,3.3635501752993755,334.8609860744169,6470.635810669929,48874.4973140831,0.03565847254966945,0.040246660611511324,4.74527196172387,2.546892391987058,0.467599391461582,2.079293000525476,299.9433270973208,222.95009582565137,86.09939759227291,10.438896843804445,1207.4317173590493,734.7546856106802,56.96814583922902,20.208332167510058,23.452528736712217,19.948270288753346,0.4206590340061335,1.4832770831620088,566.8693508727931,0.015869075439495714,0.44529619288455863,0.4574198289293393,4.079550427717737
2100,10534.288095592989,16.38143116006092,0.11854553455540497,0.14344009681204,0.058536748823332395,-0.007806043869997086,1.0932819114225867,0.02702649499289785,489.8831536178677,43.25740689737666,0.008,-0.00361,0.16684709946278883,0.12493021219858316,15.5000000025,0.265,1.21,,0.8400460387825661,593.7258489532384,1969.2746943243194,56.36126936775377,201.73387409560723,0.2536066481435411,795.4597230488456,828.8336316585574,809.6975962621609,19.136035396396494,0.02308790891858946,14.237873213315288,370.6614720342813,1381.743219561789,3.4669049013542526,370.6614720342813,6093.485492296565,41012.979499595676,0.03507342867046397,0.039923333615195865,4.7614560272398805,2.580568426916129,0.4901376004684194,2.09043082644771,304.6511700810406,225.97491021430037,84.70584766712581,9.165193866753587,1212.4971218292203,757.2460977325686,57.53574335502448,15.891075401298135,18.370361800568244,15.716200628838722,0.3931695055151616,1.5556891017444316,569.2474750371927,0.01789892410736301,0.4356662480195566,0.45196322186957677,4.103286521724717
2105,10575.952337107223,17.39996876095476,0.11400780663092919,0.13794944602342432,0.0580993654450586,-0.0074938021151972015,0.9839537202803281,0.025862329785474876,487.4398511960442,48.9417854320435,0.0085,-0.003835625,0.1520805429376764,0.1097006485155121,15.5000000025,0.265,1.21,,0.8893066739586112,648.3799774800793,2171.5063846619487,61.307006387041525,222.10065186400365,0.25514715017996326,870.480629344083,909.0765208633505,887.8107713181984,21.265749545152232,0.023392694737024048,17.330141974115335,404.02060537670627,1403.4128678362863,3.57001950062455,404.02060537670627,5742.007132169314,34512.26297518166,0.03451477606600724,0.03960518317112595,4.735201198193309,2.597545753042169,0.5120249997352563,2.0855207533069127,308.0819949046665,227.7342894298621,82.10861080484342,7.581718152069996,1213.506613291442,777.9062545448443,57.99899689777267,11.581374905256261,13.297121459174521,11.472457795287633,0.36219612936158363,1.6173395593374535,569.7214146908178,0.019908704903834326,0.4247153428715264,0.4457039144858194,4.108005068831723
2110,10611.705916445464,18.473253040302325,0.10981508597703875,0.1328762540322169,0.057665250171410276,-0.007194050030589313,0.8855583482522952,0.024786978404839437,485.0087347958881,55.37313799134475,0.009000000000000001,-0.004061250000000001,0.13893580799836686,0.09632763823049366,15.5000000025,0.265,1.21,,0.939921126875575,707.3078583431959,2392.7560643167703,66.65354881791883,244.32074924426692,0.2567396012438726,951.6286075874629,996.0073673144478,972.643337324731,23.36402998971675,0.023457687921238573,21.01472973726812,439.2338665946882,1419.2056517979993,3.6729545957242444,439.2338665946882,5415.205680372412,29121.682647420137,0.033966340911097445,0.03929191415667992,4.683673623836631,2.601151700792016,0.5331035749903408,2.0680481258016754,310.04400845378217,228.0284610271735,78.09891465264852,5.581031667830384,1209.7524158014346,797.4532359965647,58.38540831773348,6.624428305088855,7.555650838667638,6.57122495743993,0.3282362469702429,1.670607470691655,567.9588806579505,0.022082910885312668,0.41140038836138343,0.43809888343718495,4.090437376866387
2115,10642.371062784383,19.60370562972723,0.10593520827513012,0.12818160201290743,0.05723437858328883,-0.006906288029365741,0.7970025134270659,0.023791971713343008,482.5897436393628,62.6496230969333,0.0095,-0.004286875,0.12721566914074153,0.08458485900156532,15.5000000025,0.265,1.21,,0.9919548290304843,770.9179163694598,2634.5022745403803,72.43854887425465,268.4305066892638,0.2582680655821781,1039.3484230587237,1090.1207940867853,1064.7455148332688,25.375279253516446,0.023277493091739255,25.397091774545235,476.39272562081686,1428.2389631231204,3.775845420999639,476.39272562081686,5112.027839387853,24637.9028969824,0.03343939590761023,0.03898388688041309,4.603382556769404,2.591141812082071,0.5531949146479996,2.0379468974340713,310.3203050760898,226.63278923245733,72.45101039188243,3.0897366284433225,1200.493841328873,815.7451217942474,58.69126296141253,0.9354858501494481,1.060186000197055,0.9290738286657937,0.2915045838370565,1.7140091669112008,563.6121320792831,0.024435589847534973,0.39507442134743703,0.42884548934380146,4.046877972932344
2120,10668.660025517325,20.793827420508165,0.10233955185574543,0.12383085774545197,0.056806726444053816,-0.0066300365081911105,0.7173022620843592,0.02286978851341873,480.18281725156334,70.88229810637249,0.01,-0.0045125,0.1167490179652441,0.07427357821433443,15.5000000025,0.265,1.21,,1.0455704686628196,839.7775381762435,2897.7997814204014,78.71443425581673,294.2871172865674,0.25949765374397404,1134.0646554628108,1191.8781574167847,1164.6710809397848,27.207076476999973,0.022827061900326465,30.60642547697386,515.6700504550284,1429.5146256460514,3.878988226674837,515.6700504550284,4831.495434306862,20894.69152888272,0.032958178493477486,0.03868260146106631,4.490011250767413,2.5659493970344553,0.5720950270590633,1.993854369975392,308.6626430288194,223.29080654526084,64.91512193368006,0.04968039768726176,1184.9182519054475,832.5963737406039,58.90651033971998,-5.591203885955794,-6.297546150343424,-5.558516085699709,0.2521763331166603,1.7452311108210556,556.2996487819003,0.026988254443467693,0.37487432660488645,0.41756707977717045,3.9728349176507467
2125,10691.188580293347,22.04619986539245,0.09900259301396744,0.1197931375469006,0.056382269698159654,-0.006364835047863466,0.6455720358759233,0.02201373503038026,477.7878954592047,80.1968142261114,0.0105,-0.004738125,0.10738717442828309,0.06521928966812804,15.5000000025,0.265,1.21,,1.0999997578561718,914.7767082847546,3182.5573792213454,85.56361169897677,321.39684918360757,0.25999330534283505,1236.173557468362,1301.6217771472984,1272.8848160407376,28.736961106560766,0.022077812165637,36.711258572375336,556.4975878146927,1421.8902567106572,3.9829921248685802,556.4975878146927,4572.859449199841,17754.65140959396,0.032569520007756085,0.038391502344242025,4.338878138565389,2.5234871421681473,0.5895723988226962,1.9339147433454513,304.82417941246047,217.74752701900115,55.26268849937061,-3.5469452874212974,1162.287449643411,847.6028070672462,59.01477728140801,-12.950918949760494,-14.500915196781158,-12.886361902494185,0.21037825418854267,1.7611517771200904,545.6748589875169,0.029697495429006456,0.3497945876399583,0.4038901334995028,3.8634998843767754
2130,10710.488216436619,23.363486248123387,0.09590152335704921,0.11604084326202954,0.05596098446980245,-0.006110241645948927,0.581014832288331,0.021217841392611354,475.4049183891174,90.73533426308612,0.011,-0.004963749999999999,0.0990007489129683,0.05726876026546782,15.5000000025,0.265,1.21,,1.1000000057035677,997.3814418926182,3486.252552605068,93.1219400775782,353.28383206263203,0.2615628304621215,1350.6652739552503,1419.4228384905832,1389.2516484221987,30.171190068384295,0.021255956470637424,38.58637446694855,553.7222441360359,1404.2299126882565,4.0889563798789945,553.7222441360359,4335.709991730608,15103.355768818687,0.0323461154722154,0.03811671203187717,4.1911405375555475,2.4760727759654184,0.6056799186788853,1.8703928572865334,300.7724676710313,212.00770600723962,46.023053023910244,-5.579192163783928,1141.2240345383973,851.0058781498593,58.881954796743294,-13.670583512843159,-15.22058360149846,-13.612482026300468,0.1663332126972879,1.7416405012618201,535.7859317081678,0.028568421215090022,0.3304805297424822,0.39396969513319136,3.7598073248582087
2135,10727.017031110336,24.748432918317288,0.09301591972876065,0.11254926287180038,0.05554284706157704,-0.00586583198011097,0.5229133490594979,0.02047677249317689,473.03382646675055,102.65870238463171,0.0115,-0.0051893749999999995,0.09147696890676346,0.05028743672359231,15.5000000025,0.265,1.21,,1.100000008117191,1087.4471364245637,3825.0164299000553,101.37460705718708,387.94850377641654,0.2629454047482272,1475.3956402009803,1547.6507945471922,1515.9983921426262,31.652402404565944,0.020451902015678418,40.602751941645806,550.9605448562037,1385.588207898016,4.195701520103987,550.9605448562037,4117.1370234776,12873.997736454894,0.03194147153364495,0.03784822331456272,4.051331367716207,2.4287898028554955,0.620500155135598,1.8082896477198975,296.49042035865597,206.05182044805213,37.150209076176985,-6.793086828692019,1120.8993630541931,852.6888448438228,58.71699758092578,-14.447908715045616,-15.997908841112073,-14.395617375895077,0.12841039528570675,1.7177121971564322,526.243832419809,0.027519907769359305,0.31164769780501506,0.3846015404653335,3.657920972430458
2140,10741.169394206017,26.20387048932737,0.09032745881080544,0.10929622516107458,0.055127833953143954,-0.005631198700906531,0.4706220141535481,0.019785751051028054,470.6745604146825,116.14889900266667,0.012,-0.005415,0.08471739814379423,0.04415716841969326,15.5000000025,0.265,1.21,,1.1000000089233715,1185.1012554907525,4198.3764703363795,110.3326101653343,425.6118783859995,0.2642381622366322,1610.713133876752,1686.6538193882052,1653.4693717955254,33.184447592679845,0.01967472353320065,42.75623791877328,548.2126183175707,1365.886514195681,4.30260235104128,548.2126183175707,3915.2129191906256,11001.155376723269,0.03144185925543875,0.0375812914787659,3.9163451980859927,2.382195491563066,0.6340928530562784,1.748102638506788,291.96116287542907,199.8621925949937,28.608388309577194,-7.582119202733786,1100.8496245772662,853.0368896184148,58.52954512511005,-15.282178904988392,-16.832179043550646,-15.235116699373501,0.09575884913705883,1.6909219624466596,516.8308096606884,0.02654491170371551,0.29265533443922187,0.3754701547255282,3.5555863489488955
2145,10753.284470433224,27.732714996737375,0.0878196697837332,0.10626180043831718,0.054715921799906427,-0.00540595075287027,0.4235598127381933,0.01914049104712773,468.3270612511392,131.41181824982073,0.0125,-0.005640625,0.07863598775679807,0.03877420783172237,15.5000000025,0.265,1.21,,1.1000000093217177,1290.6518775416293,4607.158713619423,120.0239685921405,466.5181788273171,0.26549404090765133,1757.1700563689465,1836.9660716531644,1802.2180239093018,34.74804774386273,0.018915998656737022,45.04796754035507,545.4783967929347,1345.0471793252423,4.409340600688639,545.4783967929347,3728.5170088370423,9426.514722929474,0.030894773560197746,0.037313830762023166,3.784034533635703,2.3358110919721846,0.646501918619059,1.6893091733531258,287.1674833871546,193.42136843944624,20.367263905498746,-8.152800043085826,1080.8033156890137,852.2438636362284,58.32128660715249,-16.174532870668234,-17.72453301540486,-16.132176885446107,0.06764586778373807,1.6616487907989503,507.4193970370957,0.0256366578619278,0.2730535897039504,0.36638366267003164,3.451388665851929
2150,10763.653696310677,29.33796901513773,0.08547771948919236,0.10342804058192276,0.05430708743169722,-0.005189712722755458,0.381203831464374,0.018537140005470267,465.99127028851916,148.68041043873723,0.013000000000000001,-0.00586625,0.0731574087053672,0.03404745473459967,15.5000000025,0.265,1.21,,1.1000000095559215,1404.5281565072776,5053.072042613856,130.4880476588252,510.9280346141595,0.2667396085498713,1915.456191121437,1999.2563965283825,1962.9385422706148,36.31785425776757,0.01816568116067147,47.48235114917789,542.7578121238836,1322.9909981379672,4.515761397468974,542.7578121238836,3555.8957275915027,8100.288828717489,0.030325342964043645,0.03704504276979318,3.6527952567118076,2.2890164978546554,0.6577594420809703,1.631257055773685,282.0914769560323,186.71145020758925,12.400519349426414,-8.612093621894896,1060.591352891153,850.3996452468142,58.091346973254105,-17.127309764761225,-18.677309913128013,-17.089189377972037,0.043440590779563734,1.6299147588173524,497.9302126249545,0.02478905618894814,0.2524739981182177,0.35721433477941616,3.34435466593221
2155,10772.527313306535,31.022722730851378,0.08328822541320792,0.10077875274998158,0.053901307851475316,-0.005,0.3430834483179366,0.017972228832723165,463.6671291319268,168.21823746633623,0.0135,-0.006091875,0.06821562284531751,0.029896914436926617,15.5000000025,0.265,1.21,,1.1000000097077,1527.245537754568,5538.4286831306745,141.77225950200844,559.1163596171871,0.26798627808604086,2086.3618973717553,2174.2936843772213,2136.4276945192673,37.865989857954354,0.017415306004901644,50.06579714751208,540.0507963618079,1299.6355757314748,4.6217953914655325,540.0507963618079,3396.34788235025,6980.8215792363,0.029746620859951264,0.03677473084720645,3.521335445321644,2.2412413896127803,0.6678880659778168,1.5733533236349635,276.7143180260318,179.71379825980497,4.685489879872405,-9.014108434904998,1040.0994977308042,847.5360780006706,57.83795586974997,-18.143616356051922,-19.693616506771274,-18.109308007889577,0.022599847244301606,1.595639977744428,488.3096233477954,0.023996698372694247,0.23056371648746657,0.3478663578424168,3.2337355980773093
2160,10780.12005685815,32.79015496829503,0.08123183180075175,0.09829051647890961,0.05349856023403235,-0.005,0.30877510348614295,0.017441069198627913,461.354579677712,190.32349542739817,0.014,-0.0063175,0.06375265675920054,0.02625234396568824,15.5000000025,0.265,1.21,,1.100000009812075,1659.3888122991664,6065.968550741537,153.93045750390212,611.3733032175412,0.26923705439678974,2270.7621155167076,2362.925525444155,2323.563356573668,39.362168870487075,0.016658235076235938,52.80124105696016,537.3572818595254,1274.8942807004948,4.7274192444509815,537.3572818595254,3248.9722663135153,6033.56982269932,0.029165553728259963,0.036502974521529785,3.388556373386899,2.1919849721943865,0.6769024954078462,1.5150824767865405,271.0166169141318,172.40941141749565,-2.7961654473859645,-9.384498653233658,1019.2453642310078,843.6489164694872,57.558946822109874,-19.22535628081305,-20.77535643315021,-19.19447876743471,0.004655967037973884,1.5587213790393017,478.51895034319614,0.023252651916356875,0.20694378599167884,0.33825970308021275,3.1189004063488923
2165,10786.616096298938,34.64353416768466,0.0792262107274915,0.09586371498026472,0.05309882192470864,-0.005,0.27789759313752865,0.016925607704118915,459.05356411201814,215.3335658326095,0.0145,-0.006543125,0.059717548110899375,0.023052063287225817,15.5000000025,0.265,1.21,,1.1000000098857399,1801.613811911671,6638.760285097219,167.02307710105987,668.0324704459066,0.2704972267559662,2469.6462823575775,2566.0667064334234,2525.2921866196507,40.77451981377266,0.015889890824562845,55.645904262073195,534.6772012925775,1248.6778857721133,4.832641663307736,534.6772012925775,3112.9474113778238,5229.963993225975,0.028586890515052008,0.03623000610751331,3.2535961724586047,2.1408366735215703,0.684811273213623,1.4560254003079476,264.98335858875043,164.7840193504486,-10.05200128647275,-9.729299691178879,997.9860769615474,838.691808810566,57.251729112618094,-20.357765934298804,-21.907766087777773,-20.329976172237828,-0.010793713835124393,1.5190368102657545,468.53806430119596,0.022531932876214328,0.181204943037878,0.32833613724541405,2.999389886293697
2170,10792.173314159341,36.5862193118214,0.07727010861496789,0.09349683142411114,0.052702070438118885,-0.005,0.2501078338237758,0.016425380399056423,456.7640249093361,243.6301648940384,0.015,-0.00676875,0.05606543900755078,0.020241911445804617,15.5000000025,0.265,1.21,,1.1000000099385887,1954.6214541974373,7260.283912377626,181.11472057560198,729.4166792183971,0.2717609225209132,2684.0381334158346,2784.7092178398143,2742.640651868159,42.068565971655524,0.015106987006811937,58.60251845232437,532.0104876668286,1220.917295861706,4.937474266233697,532.0104876668286,2987.5073569237647,4546.461855593047,0.02801101541678751,0.03595603975115579,3.115663137390391,2.0874304146555245,0.6916173857282807,1.3958130289272437,258.5990402427155,156.82318018018364,-17.085009062311137,-10.049073846028165,976.2881375145598,832.6291583471461,56.914101685636034,-21.542491296760257,-23.092491451058383,-21.51748051089216,-0.024095889077766264,1.4765549451757871,458.35123826974643,0.021833713061946706,0.15283059456831094,0.3180298417021058,2.8747590264681264
2175,10796.927005811509,38.62166079972568,0.07536230283568404,0.09118838643117769,0.05230828345688736,-0.005,0.22509705044139824,0.01593993704509952,454.48590483106665,275.6451694690121,0.0155,-0.006994375,0.0527567948060842,0.017774329953659653,15.5000000025,0.265,1.21,,1.1000000099765546,2119.164330402154,7934.208442821335,196.27476681666013,795.8527210593434,0.27301820435675594,2915.0170514614974,3019.8970836958383,2976.69071344175,43.20637025408794,0.014307232682648479,61.67366198025269,529.3570743191117,1191.5411713661238,5.041933116402553,529.3570743191117,2871.9418882873847,3963.61572913521,0.027438528943565618,0.035681281338007714,2.9740164143157433,2.0314254979426694,0.697318724652014,1.3341067732906555,251.8476791567445,148.512375805626,-23.893245036194227,-10.34142273473608,954.1253871914402,825.4157841746836,56.543787098250206,-22.781151833226453,-24.331151988113053,-22.75864212593662,-0.03554906196950388,1.431273873677218,447.9461911696902,0.021157221687376226,0.12116056672720799,0.3072704434534698,2.7445654762852154
2180,10800.99307261681,40.753401264923575,0.07350160094892356,0.08893693714819752,0.05191743883039253,-0.005,0.2025873453972584,0.015468840710461233,452.21914692408905,311.86720858086835,0.016,-0.00722,0.049756730118436704,0.01560755791998302,15.5000000025,0.265,1.21,,1.1000000100034237,2296.0602544141884,8664.334347904762,212.57862485212303,867.6528235236417,0.27425142614044973,3163.71307793783,3272.7211476993257,3228.5746935063057,44.146454193019935,0.013489219582320421,64.86161556847567,526.7168949170297,1160.475964320815,5.146043255353517,526.7168949170297,2765.597359218796,3465.3140989184017,0.026870678803790116,0.035405950008813414,2.82795438517551,1.9724976357604849,0.7019084603513546,1.2705891754091303,244.71283685137251,139.83714115824532,-30.469380805448694,-10.60229240453496,931.4783047996342,816.9976595211808,56.13840818384485,-24.075285524422224,-25.625285679725295,-24.055026787855933,-0.04541024383490984,1.3832201982608479,437.313758121894,0.020501737664135378,0.08532742589942051,0.2959805393650306,2.60836462901039
2185,10804.470774021329,42.985076336229525,0.07168683995543625,0.08674107634607786,0.0515295145735211,-0.005,0.18232861085753257,0.015011667376640433,449.9636945193377,352.84912111966787,0.0165,-0.007445625,0.04703442655555047,0.013704925297365115,15.5000000025,0.265,1.21,,1.1000000100217542,2486.2195338080433,9454.466905803421,230.11025581984094,945.0748551369937,0.27542808864836577,3431.294388945037,3544.306453276656,3499.462489052208,44.84396422444785,0.012652394711239004,68.16810010717126,524.0898834580388,1127.6460295147847,5.249848088431301,524.0898834580388,2667.878758496528,3038.162956938217,0.026310047058358297,0.03513031658607235,2.6768084870478512,1.9103346151559686,0.7053753653523995,1.204959249803569,237.17767302344774,130.78324747501156,-36.80015089440246,-10.826646563914359,908.3341230401425,807.3119064746422,55.69546989514281,-25.426248356147973,-26.976248511735164,-25.408015493234966,-0.05390072142500167,1.3324487059648373,426.4479450892688,0.01986658455386271,0.04415966110255474,0.28407329234090084,2.4657092084728225
2190,10807.44509668376,45.32041533891413,0.06991688557052568,0.08459943154033607,0.051144488865431346,-0.005,0.16409574977177932,0.014568005556776559,447.719491230385,399.21639354603093,0.017,-0.00767125,0.04456262909374704,0.012034232284723927,15.5000000025,0.265,1.21,,1.10000001003338,2690.7001582425455,10308.142437854545,248.96727525992068,1028.2389027976917,0.2764871609673753,3718.9390610402374,3835.7838929838763,3790.532829246292,45.25106373758464,0.011797083725273058,71.59376820605453,521.4759742682054,1092.973872665492,5.353427612868221,521.4759742682054,2578.2544613775203,2670.976331237775,0.025761793915543917,0.03485477180164505,2.5199419606755513,1.8446348528096308,0.7077041225522084,1.1369307302574225,229.2250574720629,121.33697617512198,-42.86565740271588,-11.008802539907427,884.6875737045616,796.2862989609305,55.21234384220979,-26.835018619338243,-28.385018775105635,-26.81860904271463,-0.06121102263278413,1.2790422086701763,415.346278734536,0.019251127009870604,-0.003972429694697474,0.27144982914048615,2.3161529833083048
2195,10809.9887918624,47.76324193419444,0.0681906315150844,0.08251066413325212,0.05076234004832566,-0.005,0.1476861747946014,0.014137455925283657,445.4864809520318,451.67670637855514,0.0175,-0.007896875000000001,0.04231720992102711,0.010567204383852792,15.5000000025,0.265,1.21,,1.1000000100396798,2910.819847307552,11228.049540934791,269.27131039199355,1116.9547754496534,0.277313126990468,4027.7746227572056,4148.229384193342,4102.911824875702,45.31755931764053,0.010924554820984879,75.13720211849659,518.8751020007812,1056.3806654573036,5.456933142891545,518.8751020007812,2496.2662352394186,2354.3489566826447,0.025235966993732623,0.034579948807133255,2.3567546299602795,1.7751087033899255,0.7088756594322715,1.066233043957654,220.8377967965988,111.48555158989181,-48.63846338520516,-11.142569825588772,860.5423151756967,783.8383502816071,54.68625640496957,-28.301809596647626,-29.85180975251266,-28.287040977685443,-0.0675051919744057,1.2231115823519714,404.0104766083083,0.018654768241988067,-0.06141327265952449,0.25799630900831655,2.159259821934656
2200,10812.164126008958,50.31747469503693,0.06650699882413341,0.08047346857720143,0.05038304662623231,-0.005,0.13291755731514127,0.013719630958430418,443.26460785890475,511.03073516808433,0.018000000000000002,-0.008122500000000001,0.04027679028584877,0.009279013887064865,15.5000000025,0.265,1.21,,1.10000001004155,3148.382727048704,12214.824849332093,291.18895073699287,1210.3692231968512,0.2776871079182801,4358.751950245555,4482.5366666384325,4437.544884144088,44.99178249434337,0.010037125369034366,78.7929338985333,516.2872016345575,1017.7872887346024,5.5606525216388984,516.2872016345575,2421.548884384322,2080.2862285494107,0.02475174872168729,0.034306943249204205,2.1866969704613863,1.7014835455715707,0.7088675708217442,0.9926159747498264,211.99908888471924,101.21786167458494,-54.08235327119689,-11.221237967196355,835.9133593209109,769.8739294136915,54.11428362616574,-29.825300832379416,-31.37530098827344,-29.812009075313203,-0.07292447177847443,1.1647962713958122,392.44758653563895,0.01807694835538747,-0.1316708677224177,0.24358071635314898,1.9946214422398314
2205,10814.024383842554,52.9871276163201,0.06486493517243398,0.07848657155864512,0.050006587263796316,-0.005,0.11962580158362712,0.013314154585542637,441.05381640406097,578.1843708087044,0.0185,-0.008348125,0.038422412277309165,0.008147859697680098,15.5000000025,0.265,1.21,,1.050000009573001,3398.034824294804,13264.57803974539,314.224816190712,1321.4579872257573,0.28,4719.492811520561,4839.155193866192,4792.636243363362,46.51895050282997,0.009613031332781895,73.14343184280085,476.8639251280638,977.1164239631759,5.661956757070719,476.8639251280638,2352.5481467415902,1846.0376667763082,0.02389279074306884,0.03402547966795731,2.1402300999519035,1.6651496027484702,0.7085440394331688,0.9566055633153014,207.34576309173804,95.27589092914467,-53.36244858871936,-7.4860042513547205,829.7732011808087,735.3432227823672,53.30686932831235,-15.70055869308183,-16.475558841588345,-15.694577401857469,-0.07759047169005444,1.0866248976589996,389.5648831834783,0.015498155154353325,-0.16512481537850973,0.24743540562528318,1.9528205716419296
2210,10815.615158101065,55.77631055746456,0.06326341421675008,0.0765487312022676,0.04963294078507926,-0.005,0.10766322142526442,0.012920661850514239,438.8540513175988,654.1625456979664,0.019,-0.00857375,0.036737253655250456,0.007154598372314683,15.5000000025,0.265,1.21,,1.050000009563567,3672.529667069493,14439.890621102062,339.55809386567444,1428.2059816381363,0.28,5100.7356487076295,5225.824404137157,5177.3891083962735,48.43529574088355,0.009268450677856397,76.65345968864402,474.4855563724074,955.7065711998824,5.765520908824438,474.4855563724074,2290.8490014190766,1639.731317980922,0.023701828499009748,0.033753804637195524,2.079668531378946,1.6350334829281479,0.7078159440495866,0.9272175388785612,202.44500342040115,89.11582514160139,-52.83335776213355,-6.260093574177402,820.4673772256916,723.2391939741908,52.95145914190536,-16.53556101899614,-17.310561167356433,-16.530177856895236,-0.07420664754337411,1.0536689378850574,385.195951749151,0.015027922434691487,-0.20497850766535625,0.24324136905474752,1.8888751789222928
2215,10816.975455661643,58.68922961570265,0.06170143495435049,0.07465873629476409,0.0492620861723682,-0.005,0.096896899282738,0.012538798583322146,436.6652576052767,740.1248767681177,0.0195,-0.008799375,0.035206379856489334,0.0062824201408012105,15.5000000025,0.265,1.21,,1.0500000095474717,3963.678662061856,15667.640919118037,366.4313262342897,1541.430590801833,0.28,5505.109252863689,5635.514643936998,5585.329075354272,50.185568582725104,0.008905232574760056,80.219822490584,472.119049775649,933.1580789012514,5.8676464859400514,472.119049775649,2234.555549027056,1461.715300621962,0.022984357673402525,0.033477664971457245,2.007207439742744,1.6026759220060394,0.7066109418249917,0.8960649801810476,197.29081027403709,82.73728230989141,-52.47488797401186,-5.920990948065965,809.6322136618506,711.5258652394008,52.59413665470377,-17.390815177588248,-18.165815325699057,-17.38597033169899,-0.07129317495168588,1.0213886072441842,380.10902049852143,0.014571885644023258,-0.2565610293386218,0.2375076809576948,1.8135006146944035
2220,10818.138645749115,61.73018742822848,0.06017802109734946,0.07281540552779285,0.048894002564993384,-0.005,0.08720720935446419,0.012168221081249337,434.4873805471376,837.3833641401097,0.02,-0.009025,0.033816528158204934,0.005516564420760855,15.5000000025,0.265,1.21,,1.0500000095243893,4273.162258731774,16958.73823818252,394.9997683206688,1661.7853228401348,0.28,5934.94758157191,6070.471671787927,6018.805044006589,51.66662778133843,0.008511138931996879,83.85746243467928,469.7643461748388,909.4433309318129,5.968689163661385,469.7643461748388,2183.5368383606283,1307.3636517922266,0.02231959592816055,0.03319871324537482,1.9268127483119437,1.5668121081640145,0.7048851438284514,0.8619269643355632,191.87614818547473,76.13774025780411,-52.258002900140006,-5.87591318826946,797.8799723548694,699.5633585769434,52.21747624346504,-18.269812457428966,-19.044812605182003,-18.265452096130648,-0.06878467504785982,0.988256095065296,374.5915363168401,0.014129436070346738,-0.32119937645834395,0.2307785025286205,1.730597423359778
2225,10819.133272465144,64.90358340154067,0.058692220462495046,0.071017586759619,0.04852866925815485,-0.005,0.07848648841901776,0.011808595799529217,432.3203656961418,947.4224155261006,0.0205,-0.009250625,0.03255591970580151,0.004844070012249041,15.5000000025,0.265,1.21,,1.0500000094938438,4602.535855563831,18322.891954058254,425.4070764871114,1789.8750549414904,0.28,6392.410910505322,6532.833820903534,6479.988312176595,52.84550872693914,0.008089216743558652,87.57740167127345,467.4213867019993,884.5299503080462,6.0688765318048805,467.4213867019993,2137.6211673701923,1173.0050491009965,0.021688751162234024,0.032917982462859194,1.8398715494403202,1.5274827528648829,0.7026050026090206,0.8248777502558624,186.1931809787659,69.31420846226375,-52.152156062476685,-5.915969915210833,785.4392634633422,687.090686844704,51.816688715731615,-19.175254108423285,-19.950254255702866,-19.171329783257196,-0.06662485662724876,0.9539752455005844,368.75082791706205,0.013700214660379276,-0.4026353579972187,0.22321376586789896,1.6414964060675439
2230,10819.983750825346,68.2139138663658,0.05724310437602355,0.06926415629498849,0.04816606570175775,-0.005,0.070637839577116,0.0114595990511328,430.16415887680506,1071.9215020029042,0.021,-0.00947625,0.03141409573057268,0.004253555744815192,15.5000000025,0.265,1.21,,1.0500000094550186,4953.305389019579,19768.85974197834,457.7923131022948,1926.2854290631697,0.28,6879.590818082748,7024.6724819295005,6970.978506235137,53.69397569436486,0.007643626921039946,91.38768815238804,465.09011278252206,858.3818765238326,6.168359822067406,465.09011278252206,2096.6255365317274,1055.6595450969514,0.021080628254102063,0.03263614069598403,1.7468236969125377,1.4848166191722219,0.6997406615660878,0.7850759576061341,180.2334506170661,62.26385158429263,-52.12663299699349,-5.96955843064138,772.4011107737238,673.9807657501087,51.389895768104374,-20.1092386991662,-20.884238845843992,-20.105706806519464,-0.06476525296258114,0.9185350732135509,362.62962947123185,0.013283884255467476,-0.507429443919143,0.21482409364494895,1.5465889498750944
2235,10820.710962839988,71.6657721566292,0.05582976709320819,0.06755401818278191,0.047806171499256436,-0.005,0.0635740556194044,0.01112091671542855,428.0187061838447,1212.7807909401397,0.021500000000000002,-0.009701875,0.03038177480930804,0.003735027864688127,15.5000000025,0.265,1.21,,1.0500000094066861,5326.962627422537,21304.741131372753,492.2932185986816,2071.596577330987,0.28,7398.559204753524,7548.0317889504795,7493.853410918906,54.17837803157381,0.007177815296284946,95.29420616538184,462.7704661336587,830.9601873886058,6.267240477891836,462.7704661336587,2060.3703719838286,952.8726615872181,0.02048794711251576,0.03235362456613593,1.647767748305298,1.4388622496572383,0.6962635594233295,0.7425986902339087,173.9880074387825,54.98435057802435,-52.15046413344223,-6.012387140325652,758.8095067430389,660.1506806455669,50.93572420208817,-21.07342550686406,-21.84842565279269,-21.070246803485066,-0.06316413420155524,0.8819839106553758,356.24859471504175,0.012880103210386688,-0.6467292970726564,0.20555678512620545,1.4459318825068286
2240,10821.332767871645,75.26384861102179,0.054451325232239174,0.0658861035310094,0.04744896640650713,-0.005,0.05721665005746396,0.010792243955452582,425.88395398083156,1372.1501473056614,0.022,-0.009927499999999999,0.02945072846777657,0.003279710902343626,15.5000000025,0.265,1.21,,1.0500000093471438,5725.006068281725,22938.21947399633,529.0481487898766,2226.391248776227,0.28,7951.397317057952,8104.95970239022,8050.698586718642,54.26111567157801,0.006694803881082336,99.30126966069001,460.4623887630267,802.223698061064,6.36558619931149,460.4623887630267,2028.6877060371928,862.6010644701951,0.0199057916013603,0.03207071927148194,1.5426810536559439,1.3896070500011657,0.6921455798080474,0.6974614701931183,167.4475047133301,47.474216628686854,-52.19208402984249,-6.03583168225675,744.6938056299177,645.5298924311463,50.452781319446636,-22.06915479562543,-22.844154940631153,-22.066293962587743,-0.06178557094115754,0.844383149900627,349.62150499057174,0.012488530719960535,-0.8405398233587628,0.19532432668767555,1.3394666245970785
2245,10821.86443950925,79.01293049579651,0.053106917222081315,0.06425936983871838,0.04709443033062917,-0.005,0.05149498505171757,0.010473284943534842,423.7598488988495,1552.4619459807059,0.0225,-0.010153124999999999,0.028613672814881048,0.0028798991580882907,15.5000000025,0.265,1.21,,1.050000009274145,6148.955236930985,24676.74545737131,568.1973999306379,2391.2603699176057,0.28,8540.215606848591,8697.531224502769,8643.627646378945,53.90357812382407,0.006197572245784683,103.4120395303553,458.1658229671193,772.1293960670293,6.463441444778631,458.1658229671193,2001.4258972337468,783.1297349717656,0.019330789270668124,0.0317876097159083,1.4314993656337927,1.337007606992265,0.6873587593866914,0.6496488476055736,160.6022680827688,39.733124039645,-52.219015114436765,-6.036239674599016,730.0801373333779,630.0492587336514,49.93957259906216,-23.09753257225591,-23.872532716130163,-23.094957822525757,-0.06059862796514132,0.805801857613331,342.76062785604597,0.012108832410205998,-1.1284233879714132,0.18401078396571754,1.2270979935989108
2250,10822.31903947442,82.91790184751632,0.05179570276396407,0.06267280034439653,0.0467425433288748,-0.005,0.046345486546545814,0.010163752595034227,421.64633783516064,1756.4681958827316,0.023,-0.010378749999999999,0.027864174224233918,0.0025288262922293003,15.5000000025,0.265,1.21,,1.0500000091848836,6600.3609799800615,26527.67327054611,609.8841621564878,2566.8070477700244,0.28,9167.168027750085,9327.865709090884,9274.79684244211,53.06886664877286,0.0056892828760444335,107.62881469202321,455.8807113298612,740.6327607412259,6.5608345145532025,455.8807113298612,1978.4523419856969,713.0099271149669,0.01876060570902839,0.031504413976628294,1.3141471550668073,1.2810080032863327,0.6818752080280714,0.5991327952582614,153.44234749931445,31.762293117090007,-52.19763823736349,-6.01149506563102,714.99550731341,613.6372534278158,49.39450614881608,-24.159489696880758,-24.93448983937145,-24.15717242212775,-0.05957667005198572,0.7663191949930969,335.67864193117845,0.011740683094955634,-1.6009787938826099,0.17146892809821637,1.1087238251187694
2255,10822.707737588475,86.98374323456574,0.05051686230616746,0.06112540339046263,0.0463932856075074,-0.005,0.04171093789189123,0.009863368309943023,419.54336795187845,1987.2825425029005,0.0235,-0.010604375,0.027196567363497594,0.0022205508127983334,15.5000000025,0.265,1.21,,1.0500000090762978,7080.8128573413305,28498.361023650454,654.2552038755399,2753.649444521629,0.28,9834.462301862959,9998.139907308809,9946.415536879127,51.72437042967988,0.005173399343198675,111.9532350161678,453.60699672139305,707.6880020636612,6.657782367749873,453.60699672139305,1959.6549912861299,651.0114897961574,0.01819361036609659,0.031221205389170177,1.1905514672485642,1.2215495300871009,0.6756671247550623,0.5458824053320386,145.95755700104166,23.564949090815716,-52.093075479793725,-5.9600048469971645,699.4694257650665,596.2185762985947,48.81590674248608,-25.25582298224695,-26.030823123054564,-25.253737434973775,-0.05869676427554588,0.7260278757494717,328.38940176763685,0.011383767772942737,-2.521207543267643,0.15751210118709638,0.9842482315240869
2260,10823.040085546912,91.21553143633206,0.04926959653177558,0.05961621180344845,0.04604663752068805,-0.005,0.03753984410270211,0.009571861722128105,417.45088667464637,2248.4277899219433,0.0235,-0.010604375,0.025188707419722463,0.0019498555228451562,15.5000000025,0.265,1.21,,1.0500000089668788,7591.944270830562,30596.24441800694,701.4613464260236,2952.4227719896635,0.28,10544.367042820226,10710.59792169023,10660.753465420195,49.84445627003475,0.004653751044943418,116.3864225999688,451.344622311646,673.2482434515063,6.754293900888706,451.344622311646,1841.3447295682488,564.3346437680711,0.028575975190700275,0.031166096426702053,1.0606507003679972,1.1585763327543441,0.6687068729867676,0.4898694597675766,138.13750608418292,15.146886383737698,-51.869219981668415,-5.88046522836923,683.5347072578829,577.7135361936233,48.202027613600684,-26.387223635212656,-27.16222377432428,-26.385346642670903,-0.057939165385957725,0.6850378166554778,320.90831326661174,0.011037781796415895,-5.1065915233169905,0.14190115870053907,0.8535898657539314
2265,10823.32425114475,95.61843903905755,0.048053125859077485,0.058144282289483755,0.04570257956937047,-0.005,0.03378585969243189,0.009288970455983151,415.3688416913233,2543.8896676092027,0.0235,-0.010604375,0.02332908315216092,0.0017121592255655543,15.5000000025,0.265,1.21,,1.0500000088449553,8135.435779052487,32828.89022003871,751.6577707807311,3163.7805807426344,0.28,11299.216359795122,11467.558881320978,11420.145439389427,47.41344193155171,0.004134571483106263,120.92907959430443,449.09353153315936,637.2656657671254,6.850372178650854,449.09353153315936,1729.706859799746,489.4551633183358,0.028470910935731703,0.031111092641172046,0.9244019802606668,1.0920394601887542,0.6609671042941326,0.4310723558946216,129.97162535414077,6.517173778224019,-51.488970887103314,-5.771875133569056,667.2279531116925,558.037712655433,47.55106089213939,-27.554296678339075,-28.32929681556088,-27.552607385055616,-0.05728687272582559,0.643480174872147,313.25256014633453,0.010702430659226452,-58.232535632165146,0.124324839897143,0.7166888529864701
2270,10823.567218647515,100.19773394746205,0.04686668995430326,0.05670869484470694,0.04536109240020417,-0.005,0.03040727372318871,0.009014439890272896,413.2971809506764,2878.1776626206524,0.0235,-0.010604375,0.02160675066217571,0.0015034391929776006,15.5000000025,0.265,1.21,,1.0500000087109322,8713.016945237398,35204.03428247741,805.0041884736548,3388.3954787034327,0.28,12101.41242394083,12271.422906691867,12226.993979246414,44.42892744545376,0.0036205196237859005,125.58155530558453,446.853668108947,599.6916248421176,6.946015954924522,446.853668108947,1624.4100040516473,424.73261793895506,0.028366604840398473,0.031056202885156575,0.7817880083394165,1.0219003127238742,0.6524209260737228,0.3694793866501513,121.44918835739708,-2.3109563198708756,-50.914762421726714,-5.6336345874466165,650.5898350283529,537.1017898137646,46.861148808956465,-28.757574007094014,-29.532574142238467,-28.75605364314298,-0.05672524872740405,0.601511943202373,305.4412371025131,0.010377429584759896,6.978242374924221,0.10437003184950398,0.573513257066799
2275,10823.77496018767,104.95877881133563,0.04570954725639065,0.05530855218023268,0.045022156804445844,-0.005,0.02736654635086984,0.008748022928956838,411.2358526610792,3256.3938456473475,0.0235,-0.010604375,0.020011574013965788,0.0013201630860205276,15.5000000025,0.265,1.21,,1.0500000085665404,9326.467001004135,37729.60758859855,861.6649029852362,3626.9593892793864,0.28,12953.426390283523,13124.675770159227,13083.770281767134,40.90548839209141,0.0031166856315868532,130.3438914836134,444.62497604359856,560.4767511960803,7.041220718807766,444.62497604359856,1525.1338556714525,368.7602945195553,0.028262602413923088,0.031001426405328467,0.632823110255614,0.9481336899235466,0.6430421067901816,0.30509158313336504,112.55933098313119,-11.31898330484758,-50.10951194880901,-5.465680717496993,633.6651550119776,514.8115961841027,46.13039714602952,-29.997522833861364,-30.77252296676774,-29.99615450630938,-0.05624169044492438,0.5593209962266239,297.4953779398956,0.010062502966889554,3.4625641169787436,0.08147555469476793,0.424064800700516
2280,10823.952582366457,109.90703036640282,0.04458097451348528,0.053942979161317184,0.04468575371687887,-0.005,0.024629891715782858,0.008489479778786101,409.184805289217,3684.3107413718935,0.0235,-0.010604375,0.0185341655845306,0.0011592291739046137,15.5000000025,0.265,1.21,,1.0500000084156802,9977.61457007588,40413.75292173194,921.8087841894868,3880.183443918399,0.28,13857.798013994281,14029.892549650007,13993.0138662318,36.878683418206265,0.0026285791774739017,135.21585223751998,442.4073996224263,519.5710382408148,7.135979428757699,442.4073996224263,1431.5697376315659,320.3307464539034,0.028158555984417903,0.03094675582031096,0.4775575845524102,0.8707302064564003,0.6328053064530017,0.23792490000339866,103.2910694333488,-20.481680959716517,-49.038145562680576,-5.26864363736265,616.502599273589,491.0684389672258,45.35689165026819,-31.274550867661443,-32.04955099822949,-31.273319372868382,-0.05582534674233574,0.5171310327645595,289.43784003454886,0.009757383683971466,2.3699875927686844,0.05485794362502353,0.2683829312947228
2285,10824.104451640827,115.04803868886331,0.043480266330884663,0.052611122260370444,0.044351864214740876,-0.005,0.02216690254420457,0.008238577733473348,407.1439875587988,4168.459431629306,0.0235,-0.010604375,0.017165830817459142,0.0010179138409954585,15.5000000025,0.265,1.21,,1.05000000826556,10668.336668952656,43264.83417122101,985.6091759476177,4148.7975934815895,0.28,14817.134262434245,14989.740501381953,14957.331205698936,32.40929568301838,0.002162098515316555,140.1969432646896,440.20088341080026,476.9239234212765,7.230283047424343,440.20088341080026,1343.4209034528253,278.40672013113704,0.02805419562248293,0.030892179212804773,0.3160790960976603,0.7896976005731529,0.6216863117261525,0.16801128884700037,93.63331748527361,-29.76534832301607,-47.66987250569511,-5.044003679901025,599.1540929766613,465.76983044461514,44.53871728483487,-32.58900919400132,-33.364009322242495,-32.587900848690886,-0.055466874792075876,0.4752052052268945,281.2930013974936,0.009461812303350029,1.8352658532194004,0.023387572304551754,0.10654597088971413
2290,10824.234301560207,120.3874463631198,0.04240673473014359,0.051312149023473745,0.04402046951665931,-0.005,0.019950212289784112,0.007995090964241402,405.113348449275,4716.229236046781,0.0235,-0.010604375,0.015898517055419562,0.0008938254928489111,15.5000000025,0.265,1.21,,1.0500000081279384,11400.55716620687,46291.43988436119,1053.2437536541122,4433.55000908045,0.28,15834.10717528732,16006.981328981848,15979.393599146064,27.58772983578563,0.0017234811029507443,145.2864238587425,438.0053722535355,432.48436542945655,7.324120951649722,438.0053722535355,1260.4026547323238,242.09652560080738,0.02794931076424598,0.03083768164894257,0.14851001102726322,0.7050604310325969,0.609662248007367,0.09539818302522987,83.57490356886524,-39.1256377354678,-45.98133387571237,-4.794218043395241,581.6737139142899,438.8106515151667,43.67397907403893,-33.94119358047688,-34.716193706584924,-33.94019606970023,-0.05515823042068059,0.4338464151878855,273.0862506639859,0.009175536217507394,1.5164944920922365,-0.014627779510943222,-0.06133175855207766
2295,10824.345324476573,125.93098756230924,0.041359708719065184,0.05004524755006887,0.043691550981595044,-0.005,0.017955191060805703,0.0077588003165621035,403.0928371945621,5335.980491538204,0.0235,-0.010604375,0.014724766150228214,0.000784864081310948,15.5000000025,0.265,1.21,,1.050000008019616,12176.244813058978,49502.382367968494,1124.8943421571576,4735.206316189604,0.28,16911.451129248584,17084.47299003274,17061.934443502527,22.538546530209736,0.0013192415442582833,150.48331425394315,435.82081127376625,386.20091963789713,7.417481261010317,435.82081127376625,1182.2423243353526,210.6331136920338,0.027843738081024947,0.030783246311344065,-0.0249991471701283,0.6168580530302721,0.5967117426138936,0.0201463104163785,73.1045880345339,-48.504948942507525,-43.9605892585517,-4.5227679363120705,564.1162818971626,410.0846377407345,42.76082190794504,-35.33134475075301,-36.10634487518206,-35.33044699105598,-0.0548924875965378,0.39339158561937543,264.84332483434866,0.008898308791117294,1.3036705679110498,-0.06184272556058018,-0.23510665957361185
2300,10824.44024997311,131.6844870413621,0.04033853387230893,0.0488096259854938,0.04336509010779375,-0.005,0.016159671954725133,0.007529493112902444,401.0824032817735,6037.172151950475,0.0235,-0.010604375,0.013637670571608213,0.0006891855636928076,15.5000000025,0.265,1.21,,1.0500000079591687,12997.410841430996,52906.69332842658,1200.7466937113247,5054.548660556499,0.28,18051.959501987494,18225.171145078315,18207.745902098275,17.425242980040196,0.000956108606132121,155.78640011078176,433.647145869333,338.0218131595976,7.510351102255586,433.647145869333,1108.679158154158,183.3562648182152,0.02773735195631505,0.030728855340718546,-0.20427665199613593,0.5251419262698522,0.5828150373119932,-0.05767311104214098,62.211080884417655,-57.82938774130526,-41.6115699522978,-4.234068877690237,546.5360543131244,379.4857588464732,41.79744554099692,-36.759648013340104,-37.53464813683222,-36.75884002961375,-0.054663683008916455,0.35419733649012,256.5896968606218,0.00862988863306667,1.1505985001068566,-0.12266647549350188,-0.4146129689872406
2305,10824.5214119328,137.65385904242228,0.03934257192235354,0.047604512026047784,0.04304106853174519,-0.005,0.01454370475925262,0.007306962961300432,399.0819964499567,6830.506155351333,0.0235,-0.010604375,0.012630832756337267,0.0006051706945350661,15.5000000025,0.265,1.21,,1.0000000074824151,13873.80610799058,56513.61662672318,1281.7015718308148,5395.369041996337,0.28,19269.175149986917,19432.130308997337,19411.165009176235,20.96529982110118,0.00107889868417535,141.9898591893174,399.08200122771217,287.8950204141338,7.603510782042482,399.08200122771217,1039.57267279236,159.613198639701,0.027735536544588612,0.030676340975874163,0.01298903207567204,0.5578448279621615,0.5706853690582209,-0.012840541096059376,62.21007396627342,-55.508022250796465,-26.736940190273238,-0.09915165361971871,567.865959871584,308.02906054254987,40.575975858770846,-5.720489947573547e-06,-5.836467383163071e-06,-5.720381125536019e-06,-0.054466682250026766,0.3094366810610389,266.6037370289127,0.007368756476813373,0.9219972788882237,-0.0699353514350471,-0.19754428567432156
2310,10824.590805890924,143.84510611256954,0.03837120036055898,0.046429152436276364,0.042719468027150286,-0.005,0.01308933428332736,0.007091009569598383,397.0915666888366,7728.090762364462,0.0235,-0.010604375,0.01169832745855431,0.0005313976217982644,15.5000000025,0.265,1.21,,1.0000000074463915,14786.947207873403,60347.57066942615,1366.0513799585012,5750.479469728546,0.28,20537.42667760195,20710.04631590959,20684.281817058098,25.764498851491986,0.0012440580025018834,146.85513945614682,397.0915714198755,287.8950126134657,7.694809598885061,397.0915714198755,974.390722003916,139.14399827591222,0.02744880482499173,0.03062069380085895,0.13855732600250667,0.5990228564988844,0.5596628672773547,0.03935998922152977,62.20906078266756,-53.26632758803219,-17.132470302190317,-0.0022691097121507156,579.8079937827329,296.0870188307329,40.52058355510178,-5.917516449891016e-06,-6.032935517920433e-06,-5.91741898158367e-06,-0.04689581452485753,0.30753269566654823,272.2103257195929,0.007150610529814163,0.8874432594593099,-0.028454837957604798,-0.07954685947265572
2315,10824.650138077912,150.26431783389623,0.037423812048078306,0.04528281257817475,0.04240027050389585,-0.005,0.011780400854994622,0.006881438565166481,395.1110642375657,8743.62535850332,0.0235,-0.010604375,0.010834666879656342,0.00046661782370310866,15.5000000025,0.265,1.21,,1.0000000073816415,15751.214873209086,64387.03432744252,1455.1246157879025,6125.472450692423,0.28,21876.687323901508,22058.963323773307,22028.484727738654,30.47859603465404,0.0013816875973408386,151.79740383714304,395.1110689040749,287.8950045441251,7.785581363637516,395.1110689040749,913.1044920240561,121.3653666389342,0.02734076016616192,0.030565101705355608,0.22590756326649936,0.6312886901024592,0.5494647370521915,0.08182395305026773,62.20804487723957,-51.10956830529541,-10.965159772056802,-5.1990170437347865e-05,588.1332648097169,287.76173973440814,40.496790449230495,-6.09385714946275e-06,-6.208272592949214e-06,-6.093770190766747e-06,-0.040377297408154426,0.30671812830789613,276.1189036665338,0.006938774668653598,0.8633542603463935,0.00046289377371801894,0.0012848606746330747
2320,10824.700867355685,156.91766946609977,0.036499814836376106,0.04416477595201509,0.04208345800703704,-0.005,0.01060236076949516,0.006678061319954265,393.14043958347935,9892.609541049387,0.0235,-0.010604375,0.010034768372574625,0.0004097349789797959,15.5000000025,0.265,1.21,,1.0000000072910595,16769.643870749933,68647.26212389182,1549.2015969995582,6521.528171958307,0.28,23291.17204270824,23482.80373061985,23447.99164895856,34.81208166128853,0.001482449968948815,156.81960625032093,393.14044416973593,287.8949962343199,7.8758909125051515,393.14044416973593,855.5057804273229,105.91054440116746,0.02724214756351819,0.030509719136324987,0.28933016604643985,0.6539026566995698,0.5399111752866738,0.11399148141289601,62.20702664069746,-49.035536286145785,-7.0108409799823885,-1.7738815921805694e-06,594.1606476006878,281.7343486336322,40.476457189192715,-6.2493756352481456e-06,-6.3623870590304915e-06,-6.249298332803899e-06,-0.034764854161088446,0.3060235627385093,278.9486608453933,0.006733006220673055,0.845914147865371,0.02139893873558042,0.059095020207508356
2325,10824.74424107671,163.811420501863,0.03559863119711641,0.04307434374851086,0.041769012715787375,-0.005,0.009542124692545645,0.006480694780712672,391.17964346085876,11192.579681663428,0.0235,-0.010604375,0.009293924530369863,0.00035978641293049114,15.5000000025,0.265,1.21,,1.0000000071772726,17845.069998424504,73143.16263741578,1648.5442612775762,6939.749443831752,0.28,24784.819442256256,24985.534679210086,24946.743069466767,38.79160974331741,0.0015525627224457612,161.92362721051424,391.1796479530234,287.89498771244405,7.965766556825628,391.1796479530234,801.3908147914907,92.46725122214156,0.027148055215473442,0.03045460989172086,0.33719776106701954,0.6691872478385826,0.5308830167693824,0.13830423106920023,62.20600584418866,-47.04080471652399,-4.477550813818956,-6.574342459175234e-07,598.6876496564115,277.2073380560325,40.45410431031232,-6.383899578984504e-06,-6.495147304135654e-06,-6.3838310925545045e-06,-0.029932540511956245,0.3052616574102706,281.0740139231979,0.006533177600416431,0.8328153523197774,0.03712342951886428,0.10213030157895457
2330,10824.78132574601,170.95191313540388,0.03471969786118866,0.04201083441203828,0.0414569169425163,-0.005,0.008587912223291081,0.00628916130423374,389.2286268496986,12663.376575266735,0.0235,-0.010604375,0.008607775483117492,0.00031592680530156275,15.5000000025,0.265,1.21,,1.0000000070412642,18980.288412605943,77889.05328606835,1753.4107933859702,7381.223271568979,0.28,26361.511684174926,26571.1459688985,26528.621910271002,42.52405862749982,0.001600384818828445,167.11022609607758,389.2286312347572,287.89497900712644,8.055220753992918,389.2286312347572,750.563618506961,80.76734859057136,0.027056351747051354,0.030399799276484257,0.3747768722215208,0.6794152499508832,0.5222993657100151,0.1571158842408681,62.20498222641696,-45.1220587174355,-2.8561103877051437,-6.417125797200703e-07,602.2268124795637,273.66816652756273,40.429459680069115,-6.4959235531883676e-06,-6.605063148308935e-06,-6.4958630834294745e-06,-0.02577191844321009,0.30442363521225757,282.7355927134102,0.006339174630732406,0.8225748466543451,0.049416672824449684,0.1355487906647093
2335,10824.813033239012,178.34557064468632,0.0338624654666462,0.0409735832146419,0.04114715313175429,-0.005,0.007729121000961972,0.006103288497459744,387.28734097448205,14327.448260183533,0.0235,-0.010604375,0.007972283240050145,0.0002774138842406321,15.5000000025,0.265,1.21,,1.0000000068824806,20178.125067264285,82898.82338823093,1864.062224936791,7847.048637269445,0.28,28025.17370453373,28243.669474440445,28197.55297064777,46.11650379267548,0.0016328085072093521,172.37926611403927,387.2873452392782,287.89497014904885,8.144258878733057,387.2873452392782,702.8371254876556,70.57968599978126,0.026966082574478464,0.030345295836769877,0.40542210805139867,0.6862631927034729,0.5141038073609506,0.17215938534252231,62.20395560593513,-43.276295012171985,-1.8194387114837582,-6.478667615560037e-07,605.1082212344127,270.7867489146362,40.40323442698805,-6.582459534316472e-06,-6.6891379828316415e-06,-6.582406338791528e-06,-0.02218962282188703,0.30353416302846575,284.08836677671957,0.006150872352529001,0.8142375370790286,0.05942521549196658,0.1626117308732647
2340,10824.840143219182,185.99889568789325,0.033026398215337156,0.03996194184055796,0.040839703859205295,-0.005,0.006956208900865776,0.005922909062317793,385.35573730296113,16210.192631337137,0.0235,-0.010604375,0.007383707925960656,0.00024359586422562465,15.5000000025,0.265,1.21,,1.0000000066990142,21441.470201559197,88186.16935791318,1980.765527977834,8338.349522828576,0.28,29779.819724387773,30007.205553757496,29957.549677192557,49.65587656493986,0.0016547984275304146,177.72995280478327,385.35574143336686,287.89496117296767,8.232883050122151,385.35574143336686,658.0334139008304,61.70459138090784,0.026876805327525143,0.03029110067256293,0.4312899698473556,0.6908688776006205,0.5062557570210559,0.18461312057956467,62.20292588070319,-41.50078150631117,-1.1574619463722209,-6.515121919586886e-07,607.5446817765076,268.3502793964601,40.37612418373933,-6.6389700939888594e-06,-6.74280481391622e-06,-6.638923494246739e-06,-0.01910526626842392,0.30261716126913807,285.23224496549653,0.005968133939347986,0.8071876748156629,0.06788823610526039,0.1853952361157593
2345,10824.863322306068,193.91846851487122,0.032210973538013166,0.038975277980995926,0.040534551830766694,-0.005,0.006260588010779197,0.0057478606451402845,383.43376754494335,18340.345075633923,0.0235,-0.010604375,0.006838585772016713,0.00021390041536766655,15.5000000025,0.265,1.21,,1.000000006487645,22773.295380650114,93764.79869998762,2103.795189147813,8856.281536919489,0.28,31629.576917569604,31865.945965750376,31812.737937395843,53.20802835453105,0.0016697457659571502,183.16101982624093,383.4337715250749,287.89495211982666,8.321093885495893,383.4337715250749,615.9835892105906,53.96937651404501,0.02678831172690981,0.030237211611860573,0.45377847543884997,0.6939820773808525,0.49872497640871605,0.19525710097213647,62.20189300848574,-39.792989971496134,-0.7353140506578251,-6.515719034371474e-07,609.6735883347599,266.2213637850668,40.348641264207515,-6.659174500799868e-06,-6.759732998936238e-06,-6.659133884327113e-06,-0.01644963524873458,0.3016901290580734,286.23173161256335,0.005790814727101159,0.8010277129155291,0.07528297186992444,0.20522811068756425
2350,10824.883140464714,202.11094509436396,0.03141568176770657,0.03801297493892495,0.04023167988155641,-0.005,0.005634529209701278,0.005577985690535635,381.5213836510847,20750.41704582034,0.0235,-0.010604375,0.006333708731462979,0.00018782497740635828,15.5000000025,0.265,1.21,,1.0000000062437078,24176.66312605165,99648.58360224114,2233.4340992261045,9402.0356601312,0.28,33578.69878618285,33824.1914304169,33767.369645038474,56.82178537842695,0.001679915556749395,188.67085885561832,381.52138746245754,287.89494303913415,8.408891344055693,381.52138746245754,576.5275229363577,47.22456753154377,0.0267005056761612,0.03018362515828937,0.4738019270180332,0.6960922605333485,0.49148807126975014,0.2046041892635984,62.200856989468086,-38.150543620755734,-0.46648059250484547,-6.47276065937028e-07,611.5838321289315,264.3111109102026,40.32113537241525,-6.6346617105032074e-06,-6.731439181015214e-06,-6.63462653014938e-06,-0.01416313690949413,0.30076491332901084,287.1285596849444,0.005618766232039153,0.7955004467923747,0.08191818536577708,0.22296506392750945
2355,10824.90008501913,210.5830551579591,0.03064002582117199,0.0370744312436181,0.039931070974947455,-0.005,0.005071076288731151,0.005413131299577799,379.6185378116883,23477.192266546743,0.0235,-0.010604375,0.005866105600249002,0.0001649282544732809,15.5000000025,0.265,1.21,,1.0000000059607652,25654.73293824114,105851.67035563232,2369.9741093911266,9976.840587093779,0.28,35631.57352533492,35886.3645347486,35825.83113143663,60.5334033119753,0.0016868079031343798,194.2576061017086,379.6185414321955,287.8949339918682,8.496275143223096,379.6185414321955,539.5135311609183,41.34070156907401,0.02661334618220646,0.030130337412377688,0.4919644499748771,0.6975187602235353,0.4845262411187428,0.21299251910479253,62.199817854176096,-36.57118174156822,-0.2955234032472852,-6.375984594789317e-07,613.3331120717621,262.5618219201061,40.29384025281304,-6.554244043094102e-06,-6.6466359034630335e-06,-6.554213815599114e-06,-0.0121944618032993,0.2998493453287746,287.94981787406675,0.005451839110152873,0.7904389261070593,0.08799429305878213,0.23915891177815826
2360,10824.91457263419,219.3416001617776,0.029883520888193092,0.03615906027471364,0.03963270820160955,-0.005,0.004563968659858035,0.005253149092186906,377.72518245550896,26562.288145983242,0.0235,-0.010604375,0.005433024531477673,0.00014482274668269166,15.5000000025,0.265,1.21,,1.0000000056300324,27210.765408263054,112388.55567647815,2513.7164109408254,10581.964325435632,0.28,37792.72973369869,38057.019157156414,37992.64893226187,64.37022489453071,0.001691415311028799,199.91919856318995,377.725185858077,287.89492505426267,8.583244962423615,377.725185858077,504.7980295360547,36.20558647793069,0.026526819059552068,0.030077344495424367,0.5086703715853851,0.6984707245485516,0.4778238258681486,0.22064689868040308,62.19877565589671,-35.05273673176376,-0.18696247720408368,-6.211527627822098e-07,614.9590758257762,260.93584922848663,40.26691170308596,-6.402936306639432e-06,-6.490201811047235e-06,-6.4029106113473595e-06,-0.010499432494982978,0.2989485657124729,288.71318113886207,0.005289885117372926,0.7857342183826496,0.09364206362538086,0.2541698040803508
2365,10824.926959560444,228.39345116703944,0.029145694128560443,0.035266289895558134,0.039336574778558044,-0.005,0.004107571793872232,0.005097895073577182,375.84127024856423,30052.790961532723,0.0235,-0.010604375,0.00503191684077171,0.00012716819215543746,15.5000000025,0.265,1.21,,1.0000000052394364,28848.125245579802,119274.13976871815,2664.9718149000064,11218.715373281035,0.28,40066.840618860835,40340.84743966693,40272.494029088964,68.35341057796543,0.0016943969925320374,205.65341022812737,375.8412733992785,287.8949163229859,8.669800537489023,375.8412733992785,472.2451820136488,31.721948319076308,0.026440922444467076,0.030024642726569916,0.5241947528484624,0.699086096837142,0.4713673619917032,0.22771873484543878,62.19773046647021,-33.5931192327394,-0.11812195213637659,-5.960444744873856e-07,616.48648868555,259.40842763743603,40.24045371843798,-6.160351665024358e-06,-6.241562928198935e-06,-6.1603301436634605e-06,-0.009040012211565904,0.2980659334770191,289.4302763781925,0.005132758337110295,0.7813146660190632,0.09894751897638963,0.2682347650600118
2370,10824.937550393628,237.74554664074216,0.028426084376530977,0.03439556209560248,0.0390426540482098,-0.005,0.003696814614485009,0.00494722950465192,373.96675409295085,34001.97451416325,0.0235,-0.010604375,0.004660422007252628,0.00011166580849011766,15.5000000025,0.265,1.21,,1.0000000047720838,30570.28366187902,126523.76354412103,2824.0609721362675,11888.443646286287,0.28,42458.72730816531,42742.68507908057,42670.185183520225,72.49989556033997,0.0016961942242562423,211.457875354919,373.96675694831197,287.8949079225064,8.755941698498154,373.96675694831197,441.7265518098066,27.80540762090723,0.026355659355941762,0.029972228678418082,0.5387286009159715,0.6994567557573977,0.4651449655659649,0.2343117901914328,62.196682374743965,-32.190308391325246,-0.0745300782399089,-5.596325904447476e-07,617.9318433455462,257.96306457696005,40.214535614691805,-5.798133754742011e-06,-5.872101054525037e-06,-5.7981161132326706e-06,-0.007783451289725804,0.2972036202471623,290.10884664110154,0.004980315915268925,0.7771325480515674,0.10396794622683499,0.28151205220568104
2375,10824.946605564219,247.40489017778893,0.02772424185258439,0.03354633264162711,0.03875092947744623,-0.005,0.0033271331530365087,0.0048010167762288555,372.1015871256672,38470.113219822,0.0235,-0.010604375,0.004316353781862905,9.805323622522278e-05,15.5000000025,0.265,1.21,,1.0000000042037174,32380.82035962002,134153.23523559596,2991.3145569674857,12592.541250963342,0.28,44973.361610583364,45267.5154787276,45190.69171419028,76.82376453732152,0.0016971058324025538,217.33010360691577,372.1015896284031,287.8949000159603,8.841668379098323,372.1015896284031,413.120758943619,24.382736237107316,0.026271033980650966,0.029920099175632632,0.552407921792646,0.6996446896678791,0.4591459255773071,0.24049876409057197,62.195631487518476,-30.84234535853509,-0.046964514526614785,-5.081344919223723e-07,619.3063211063222,256.58857890963804,40.189203131749835,-5.2757109251410436e-06,-5.340868543314244e-06,-5.275696938813846e-06,-0.006701552266841613,0.2963629951196305,290.75414136447057,0.004832418476713836,0.7731555119920759,0.10874218340500247,0.2941094740594716
2380,10824.95434774108,257.3785481460021,0.027039727882296298,0.03271807073757852,0.03846138465668332,-0.005,0.0029944198377328574,0.00465912528698275,370.245722717442,43525.4020477388,0.0235,-0.010604375,0.003997687321278731,8.610009871634261e-05,15.5000000025,0.265,1.21,,1.0000000034983099,34283.42527087977,142178.84997865208,3167.0734277077054,13332.443160897688,0.28,47615.86843177746,47920.4731288957,47839.13592192723,81.33720696846582,0.001697337310290871,223.26749014976832,370.2457247898168,287.89489282180904,8.92698061235327,370.2457247898168,386.313146607565,21.390354602098714,0.026187049943911907,0.02986825126963651,0.5653324317671986,0.6996924022943457,0.4533604328464629,0.24633196944788285,62.19457793347073,-29.547328844247705,-0.029556863764203956,-4.359434731220399e-07,620.6176917895153,255.27720103229365,40.16448567516953,-4.5329683241195286e-06,-4.587192126022902e-06,-4.5329578487112655e-06,-0.005770037124005885,0.2955448753336619,291.3698083518851,0.004688930339885726,0.7693610765045846,0.11329721877606105,0.30610246889118925
2385,10824.96096730669,267.6736472555554,0.026372114622152457,0.03191025869280447,0.03817400329894855,-0.005,0.0026949778539595718,0.0045214273249953195,368.39911447156834,49244.997346178076,0.0235,-0.010604375,0.003702547271696348,7.560410328462977e-05,15.5000000025,0.265,1.21,,1.0000000026000408,36281.900132406896,150617.40475504738,3351.688772087465,14109.627829269351,0.28,50391.52796167625,50706.84646097478,50620.79528437912,86.05117659566842,0.001697032700739839,229.26732270286496,368.39911600413274,287.8948866404886,9.011878521091932,368.39911600413274,361.19545755174136,18.773035395183257,0.02610370962487407,0.02981668220600963,0.5775776401992689,0.6996296149654883,0.4477793967045058,0.2518502182609824,62.19352187156485,-28.30341198947905,-0.018578418897597312,-3.343860034843625e-07,621.8715311288022,254.02335551168645,40.1404011010533,-3.4769031298910676e-06,-3.517203761938006e-06,-3.476896122838755e-06,-0.004968002481606386,0.2947496916817287,291.9584653186865,0.004549719605192906,0.7657331089694818,0.11765241942131255,0.31754564268086155
2390,10824.966627038495,278.29737205445076,0.025720984792132615,0.031122391598480462,0.03788876923896478,-0.005,0.0024254800685636147,0.004387798952805886,366.561716222744,55716.19444124289,0.0235,-0.010604375,0.0034291967323650152,6.638761765307963e-05,15.5000000025,0.265,1.21,,1.0000000014176766,38380.159946969965,159486.210279282,3545.5222421752674,14925.617757154989,0.28,53305.77770412496,53632.080335863524,53541.10449092687,90.97584493666268,0.0016962952838476325,235.32678680190813,366.56171705420957,287.8948818992571,9.096362306833985,366.56171705420957,337.66552109671835,16.482784667880964,0.02602101399961962,0.02976538939240976,0.5892026786354788,0.6994775923337908,0.4423943186888928,0.257083273644898,62.1924635075193,-27.108800088495016,-0.011663445461057664,-1.8930364880567432e-07,623.0719997842596,252.82288211499755,40.116958932255194,-1.955645833475725e-06,-1.97761982263469e-06,-1.9556423949290984e-06,-0.004277450521534153,0.29397759951580077,292.52206562641294,0.004414658165351143,0.7622595715192616,0.12182223711191198,0.3284801291569983
2395,10824.971466111536,289.25696235176054,0.025085931414896942,0.030353977012025298,0.03760566643224092,-0.005,0.0021829320617072533,0.004258119895859295,364.733482035917,63037.75998183317,0.0235,-0.010604375,0.0031760270339169084,5.8294663730870444e-05,15.5000000025,0.265,1.21,,0.9999999997915073,40582.23435920631,168803.1008585824,3748.9460814056033,15781.980028580234,0.28,56364.214387786546,56701.77827017671,56605.65735783851,96.12091233820516,0.0016952010196258976,241.4429700519601,364.73348191424617,287.8948792324673,9.180432239231134,364.73348191424617,315.62695108147363,14.47787568151511,0.025938962731062713,0.029714370370258467,0.6002553976449487,0.699251942710591,0.4371972035060236,0.26205473920456746,62.19140312682492,-25.961748856078916,-0.007313084809869512,2.406476231969519e-08,624.2223412100009,251.67253802246648,40.09416256381647,2.9656392279083955e-07,2.9979555880583475e-07,2.9656346766555776e-07,-0.0036828851088924904,0.2932285547060584,293.0621320234746,0.00428362166801136,0.7589310806414137,0.1258179376041383,0.33893828275382737
2400,10824.975603520701,300.55971057044354,0.02446655756141192,0.02960453464930842,0.03732467895416945,-0.005,0.0019646388555365282,0.00413227343425069,362.9143662051374,71321.43936567398,0.0235,-0.010604375,0.0029415482713394023,5.118827786912792e-05,15.5000000025,0.265,1.21,,0.9999999974152447,42892.26896076623,178586.4428895351,3962.343245080017,16680.32681807576,0.28,59572.59577884199,59921.70446579608,59820.208644676975,101.49582111910989,0.0016938073111228784,247.61286583498153,362.91436470426567,287.8948796368727,9.264088646816306,362.91436470426567,294.9888548773528,12.7220142369428,0.025857554356161775,0.029663622791125617,0.6107757069141282,0.6989644388226953,0.4321804945469416,0.26678394427575375,62.19034116648047,-24.860563026224163,-0.004578950673336149,3.5317074613590235e-07,625.3251995427537,250.56968009411895,40.07201080948479,3.7894575777679472e-06,3.829521285500608e-06,3.78945249965718e-06,-0.0031709640478943396,0.29250236675349456,293.5799058886168,0.0041564894495150495,0.7557399877068265,0.12964870474023585,0.3489466709620104
2405,10824.979141006792,312.2129590316304,0.023862476102856797,0.028873596084456724,0.03704579099913064,-0.005,0.0017681749699828752,0.004010146297669738,361.1043232524148,80693.66225350426,0.0235,-0.010604375,0.002724380535876194,4.494819291357333e-05,15.5000000025,0.265,1.21,,0.999999993621782,45314.52653130682,188855.14241091488,4186.107514946425,17622.31587328599,0.28,62936.84240459281,63297.78568318163,63190.675781291495,107.10990189012986,0.001692158749853222,253.8333766986913,361.1043195672915,287.8948848043148,9.347331909260664,361.1043195672915,275.6655534916763,11.183617283070703,0.02577678649415548,0.029613144397658473,0.6207977854929021,0.698624209385748,0.4273370257672935,0.27128718361845455,62.18927839269624,-23.80359508969018,-0.002861558275843499,9.013112177099336e-07,626.3828226460414,249.5120621582735,40.050499013098836,9.633938950815334e-06,9.7328013295211e-06,9.633927673009949e-06,-0.0027301996626286147,0.2917987368024749,294.076442556827,0.0040331444508593245,0.7526797921768842,0.133322345546039,0.3585279851555182
2410,10824.982165558315,324.22409717235945,0.02327330946865545,0.028160704457073093,0.036768986879603484,-0.005,0.001591357472984588,0.003891628563449682,359.303307926581,91297.47220183689,0.0235,-0.010604375,0.0025232457942569865,3.946880282554471e-05,15.5000000025,0.265,1.21,,0.9999999866517014,47853.38821652003,199628.65197021258,4420.6436079658815,18609.65097309112,0.28,66463.03918961115,66836.11298220525,66723.14050693568,112.9724752695666,0.0016902909255007822,260.10131732453374,359.30330025284053,287.89489794150427,9.430162451042543,359.30330025284053,257.5763127124064,9.835189156722924,0.025696656038523582,0.029562933008438794,0.6303515702202582,0.6982385281949549,0.42265998468574384,0.27557854350921107,62.18821644054293,-22.789243832375718,-0.0017818023300655915,1.9408204949932505e-06,627.3971927466577,248.49770519484667,40.02961986863407,2.0763266772382485e-05,2.097016539952084e-05,2.076324553046788e-05,-0.002350700965387508,0.2911172855340722,294.552672651013,0.003913473119736453,0.7497447653620954,0.1368457435678666,0.36770227118563387
2415,10824.984751550539,336.6005586988237,0.022698689410482507,0.027465414186683832,0.03649425102528326,-0.005,0.001432221725686129,0.0037766135576295418,357.51127520215914,103294.70986531174,0.0235,-0.010604375,0.002336960367464944,3.465737542501536e-05,15.5000000025,0.265,1.21,,0.9999999700567385,50513.35463851429,210926.9769433562,4666.367278834171,19644.082359422224,0.28,70157.43699793651,70542.94334221113,70423.85041341686,119.09292879427751,0.0016882330556657566,266.413415480341,357.5112580740735,287.8949262550499,9.5125807362337,357.5112580740735,240.6450851904953,8.652782003449891,0.02561715930833716,0.029512986505905864,0.6394638204854145,0.6978133583059964,0.4181428833901482,0.2796704749158483,62.18716013543888,-21.815951199889437,-0.0010975327603956783,4.469471236186492e-06,628.3701158722603,247.52481038278958,40.00936403461747,4.794616222162842e-05,4.841028277522211e-05,4.794611933623874e-05,-0.0020239515553167574,0.2904575739206938,295.0094440714837,0.0037973652812912304,0.7469296969509798,0.14022516824156941,0.37648777204071976
2420,10824.98696257438,349.3498186772691,0.02213825677209614,0.026787290694236326,0.03622156798220575,-0.005,0.001288999553117516,0.0036649977589403296,355.72818027823763,116868.48308976792,0.0235,-0.010604375,0.0021644279647794226,3.0432483008404546e-05,15.5000000025,0.265,1.21,,0.9999998916173485,53299.0468949099,222770.68124710134,4923.7054122266045,20727.407125798298,0.28,74026.4540207082,74424.70115286246,74299.22030677908,125.48084608337847,0.0016860107483085576,272.76628607088304,355.7281185906182,287.8949916361801,9.59458726304827,355.7281185906182,224.80026329175544,7.61552881647109,0.025538292028295217,0.02946330282493573,0.6481594766107628,0.6973539233879851,0.41377953937795114,0.283574384010034,62.18614019762812,-20.88217873392971,-0.0006295929166637715,1.6561623710601002e-05,629.3033484324055,246.59164320377468,39.989720311782676,0.0001785749885480761,0.00018025491964625317,0.00017857484884288682,-0.0017426178567764364,0.2898191094713792,295.4475814236646,0.003684713656479875,0.7442295516132231,0.14346670903512793,0.3849020944675275
