year,L,aL,sigma,sigmatot,gA,gsig,eland,cost1tot,pbacktime,cpricebase,varpcc,rprecaut,rr,rr1,CO2E_GHGabateB,F_Misc,emissrat,UTILITY,MIU,C,K,CPC,I,S,Y,YGROSS,YNET,DAMAGES,DAMFRAC,ABATECOST,MCABATE,CCATOT,PERIODU,CPRICE,TOTPERIODU,RFACTLONG,RSHORT,RLONG,FORC,TATM,TBOX1,TBOX2,RES0,RES1,RES2,RES3,MAT,CACC,IRFt,ECO2,ECO2E,EIND,F_GHGabate,alpha,ppm,abaterat,atfrac2020,atfrac1765,FORC_CO2,scc
2020,7752.9,5.84,0.29135476864600707,0.4078966761044099,0.066,-0.015,5.9,0.1090617323932941,695.1772859016417,6.0,0.0,-0.0,1.0,1.0,9.959999998,-0.054,1.4,6082.364983933185,0.05,99.7603817498776,295.0,12.86749238992862,34.39755577831837,0.2563959793365863,134.15793752819596,134.89143646541945,134.1640326021515,0.7274038632679435,0.0053925132857075,0.00609507395555234,5.760332870050511,633.5,1.7250418491890462,5.760332870050511,13374.076952577758,1000000.0,0.0,0.0,2.7918384642977476,1.24715,0.1477,1.099454,150.093,102.698,39.534,6.1865,886.5128014,334.98719860000006,43.9591365234,42.94119970659886,52.403199617898245,37.33619975801691,0.518,0.4471535905392645,416.2031931455399,4.543207854750554e-05,0.0,0.47121199161464883,2.327838464297747,50.42470002139126
2025,8137.367350850203,6.252676659528908,0.27030248882209557,0.3752136422961714,0.06550685161806313,-0.0144,5.3100000000000005,0.09543026326887588,661.2730895941868,6.788449277343746,0.0005,-0.000225625,0.8790867031950537,0.8780954309205617,10.30624999828125,-0.034062499999999996,1.3881249999999998,,0.1,116.11950793052118,346.18232889840715,14.269911007322147,39.48552592251318,0.25375481078463324,155.60503385303437,156.74589823549042,155.64260741913915,1.1032908163512838,0.007038722089516703,0.03757356610478807,16.610429012740564,692.0561814180893,1.8428905511423896,16.610429012740564,13183.02806157226,796802.5837891198,0.0454296660019555,0.0454296660019555,3.013941062070543,1.4248527610558241,0.16507497333725055,1.2597777877185736,162.8067591069301,113.13200203472795,44.75746958343011,7.026721638514613,915.7229523636026,364.33322905448665,45.25684310183276,42.91092530483879,52.18655020379382,38.131925356102336,0.536360099152909,0.5118564340902599,429.9168790439449,0.00024146754879585388,0.4988396659038698,0.4735496285237576,2.5116434629176343,58.750037539487636
2030,8481.17060833459,6.69098181228545,0.251524817063623,0.34616102948381117,0.06501738801380214,-0.013824,4.779000000000001,0.08374732639701223,629.0224204524875,7.680507265178139,0.001,-0.00045125,0.7745396070563381,0.7710515858035668,10.6524999985625,-0.014124999999999999,1.37625,,0.23999999285935833,133.8134411913128,401.84483300978945,15.777708923790783,44.88175554527453,0.251163749025858,178.69519673658732,180.56202871519545,179.06514975217874,1.4968789630166899,0.008290109352823849,0.3699530155914349,64.12156174458217,750.5710795610513,1.957901733638657,64.12156174458217,12861.461481621196,638147.558829478,0.04440748178753513,0.04491857389474533,3.1948848701607093,1.5463336573567166,0.18331471174202524,1.363018945614691,174.1092632316945,122.19279578005535,48.360247748560006,7.10931450720492,939.7716212675148,398.7994582935366,46.41766939046792,38.14807210175521,46.24397217672839,34.51603206763008,0.5503882631556752,0.5756334922405288,441.2073339284107,0.0020703019574542826,0.45492717345678196,0.4686719568072329,2.6586216070050352,69.09658396021926
2035,8786.618184800645,7.156263364162137,0.2347266535787394,0.32025517797649256,0.0645315816547602,-0.013271039999999998,4.301100000000001,0.07370114137493339,598.3446350050658,8.689788998988657,0.0015,-0.000676875,0.6839684848167449,0.6770568744981654,10.998749998843751,0.005812500000000005,1.364375,,0.273823442885753,153.0176671441557,461.69413317533264,17.414853351526098,50.894261696124246,0.2495894280711193,203.91192884027993,206.38011507252207,204.43621174067175,1.9439033318503391,0.009419043744438511,0.524282900391811,75.31897550163121,802.5911778816265,2.071508262472824,75.31897550163121,12449.288058349683,513075.7453274785,0.043629210810574165,0.04448878620002161,3.3642295123145023,1.6482629102824875,0.20232230276716046,1.445940607515327,185.45726047037195,131.3466259323272,52.19604785807239,7.727038109563003,964.7269723703346,425.864205511292,47.35643492604111,38.301466332364285,46.28850073908497,35.1781083425602,0.5512001402930302,0.6314273409136786,452.9234612067299,0.0025711242268836127,0.4625561624482112,0.46938837363100694,2.8072168720214723,80.59792170565643
2040,9056.484468787621,7.649925132503061,0.21965682912287354,0.2970858613886865,0.06404940521420154,-0.012740198399999998,3.8709900000000004,0.06503472573145694,569.1630228089585,9.831698641742365,0.002,-0.0009025,0.6053540109381833,0.5945205479701953,11.344999999125001,0.025750000000000002,1.3525,,0.30887910145562475,173.82328998603518,527.0970771831162,19.193241106425113,57.460521195739695,0.24844160471992247,231.28381118177487,234.47477076303102,232.00274944568625,2.472021317344782,0.010542803003070634,0.7189382639113544,86.87570013414883,854.8204501530324,2.1839489382982507,86.87570013414883,11973.236229213511,414035.6578692371,0.04289427714931084,0.044090158937343915,3.5298699621347476,1.7438178745663053,0.22205648984877788,1.5217613847175275,196.79620880710107,140.5364741817057,56.163719994924584,8.403000485432278,989.8994034691635,452.92104668386884,48.26850133456217,38.27080224051858,46.11156883389979,35.59548015346228,0.5508594993764816,0.689390960196887,464.7415039761331,0.0031084677316490306,0.4671353113836685,0.47015650911913637,2.953260462758266,93.43939079371573
2045,9293.783346442808,8.173428357352368,0.20610082048006811,0.2763039124560913,0.06357083156957424,-0.012230590463999998,3.4838910000000007,0.057535466632715596,541.4046146336524,11.123664589932911,0.0025,-0.001128125,0.5369872355398027,0.522045776761017,11.691249999406251,0.0456875,1.340625,,0.34764906327583384,196.32393190783603,598.5481590868648,21.124220846290648,64.61497459172254,0.24762491518999238,260.9389064995586,265.0139717937434,261.91652897159594,3.0974428221474635,0.01168784725266545,0.9776224720373508,99.84990472148418,907.0079077537396,2.295338776117938,99.84990472148418,11455.216457434122,335306.1524124592,0.042181619590602286,0.043708451067995584,3.6894383170966725,1.8360746849793115,0.24246079803755405,1.5936138869417573,208.02646454669758,149.6630166532684,60.1428197937901,9.0506658511001,1014.8829668448562,480.12494090888333,49.16962494020761,37.90386484029289,45.530662728881964,35.631145282998,0.5491693499299412,0.7504645130533755,476.47087645298416,0.0037465569437381105,0.46934716369139245,0.4706496586072346,3.0945814671667327,107.74148051311798
2050,9501.598424748781,8.728293215227449,0.1938747857783682,0.2576111216030067,0.0630958338009846,-0.011741366845439997,3.1355019000000004,0.05102681831751864,515.0,12.585405474490715,0.003,-0.00135375,0.47741937304537674,0.45840601130522457,12.037499999687501,0.06562500000000002,1.3287499999999999,,0.39043499358825856,220.62940241732502,676.5115754183174,23.2202406957815,72.39394253822553,0.24705861763064352,293.02334495555056,298.17385963958054,294.34249673727993,3.8313629023005986,0.012849425858228422,1.319151781729363,114.36291210224776,958.6949961723209,2.4057914746822293,114.36291210224776,10913.264751490116,272487.0585673873,0.0414905761605064,0.04333880525008072,3.840596659180597,1.9251516265434003,0.2634640566914305,1.6616875698519697,219.03315689089368,158.611605181427,64.0098851889365,9.63164708541264,1039.2862943466698,507.408701825651,50.05902185924063,37.149265784427456,44.48690454891831,35.23797354864993,0.545670730125705,0.8146578843222019,487.9278377214413,0.0045018658220882316,0.469790402825913,0.4707297852196731,3.2293009290548924,123.61480810498392
2055,9682.961394142814,9.316100333546176,0.1828206618271585,0.24075195904363936,0.06262438518968289,-0.011271712171622397,2.8219517100000004,0.04744956533608882,512.4314267842313,14.239231116397423,0.0035,-0.001579375,0.4254200792165602,0.402524224033637,12.38374999996875,0.08556250000000001,1.316875,,0.42538090451355365,246.85127347156504,761.4430328582023,25.493365451284813,80.88438113978502,0.24679762485928758,327.73565461135007,334.1420422161593,329.45350815859683,4.688534057562521,0.014031559831460741,1.717853547246764,130.52104469766314,1009.3530858783582,2.5153449711907827,130.52104469766314,10361.526450283623,222193.52304739814,0.04080847878013212,0.04297733004008806,3.985624913393299,2.0117594747986387,0.2850120728700202,1.7267474019286184,229.9138474281026,167.48226813451907,67.89562656665368,10.261306756659215,1063.5530488859345,533.8000369924238,50.921178915392375,36.72391846657117,43.83985769028349,35.10237112746454,0.5398969488391195,0.8808326371262475,499.32068022813826,0.005241582730093571,0.4710357568618569,0.47114637169869594,3.3601654645541803,141.15137349691437
2060,9840.769455788895,9.93849230378298,0.17280211942118176,0.2255067658446422,0.06215645921656042,-0.0108208436847575,2.5397565390000008,0.04422323540669511,509.87566438082155,16.11038303033978,0.004,-0.001805,0.37994272512233224,0.3534546819587812,12.730000000250001,0.10550000000000001,1.305,,0.46243393083101764,275.1115555649363,854.0464021670317,27.9563053276388,90.13553509146196,0.24677961138438165,365.24709065639826,373.1515811969543,367.46868622257966,5.682894974374579,0.015229454357785697,2.2215955661814,148.43755510724517,1059.4311565145917,2.624029942876565,148.43755510724517,9811.061031892381,181794.84793598915,0.04013397708464341,0.04262191092065749,4.123910757979307,2.095874390317823,0.30704763069852664,1.7888267596192964,240.58844714740763,176.19431338950204,71.7076732882817,10.854562714973117,1087.3449965401646,560.0861599744271,51.77095387518784,36.02829112248542,42.87150718314096,34.66300418316897,0.5328084925369346,0.9501256420429917,510.49060870430264,0.006082445618359049,0.47151326535595156,0.47133311943517103,3.4856022654423735,160.45413275564042
2065,9977.733279871927,10.59717519137652,0.16370121443959496,0.2116861329222012,0.061692029560657814,-0.0103880099373672,2.2857808851000008,0.041305879442262154,507.3326488955773,18.227419673340176,0.0045000000000000005,-0.0020306250000000003,0.3400954478295329,0.3103669412654861,13.07625000053125,0.1254375,1.2931249999999999,,0.5016022997035039,305.5451236627331,954.983535465402,30.622699073256346,100.21777356058813,0.24698604590609208,405.7628972233212,415.4427674480055,408.6169225650597,6.825844882945792,0.016430289363022977,2.8540253417385046,168.21628679114272,1108.5606444088899,2.7318813840729157,168.21628679114272,9270.316208250544,149237.76959314468,0.03946760780308801,0.0422714327964831,4.253837769704922,2.176936119654796,0.3295037346797893,1.8474323849750065,250.96860468625601,184.65831602371134,75.34962081886998,11.371989993731443,1110.348531522569,586.212112886321,52.60496908320232,35.034500740957135,41.55167366972397,33.89527280444161,0.5241008254535612,1.0223549089480393,521.2903903861826,0.007033726743546304,0.471172950327962,0.4711952651802325,3.604299444251362,181.61286790365185
2070,10096.34802650772,11.293920040362254,0.15541560533967688,0.199126244341461,0.06123107009768449,-0.00997248953987251,2.057202796590001,0.03866130364226511,504.802316752979,20.622652318221217,0.005,-0.00225625,0.3051169779497439,0.2725317930340136,13.422500000812501,0.145375,1.28125,,0.5428811385968462,338.3002430940666,1064.9970956485658,33.507189154520766,111.2095747718093,0.24740188167590113,449.5098178658759,461.279606374168,453.1529347637642,8.126671610403774,0.01761766940941197,3.643116897888305,189.95421922304558,1156.3349636011042,2.838937528005657,189.95421922304558,8745.537826447631,122914.89113098358,0.0388097258589749,0.04192526210273227,4.373803875210525,2.254225235675449,0.35230391217746004,1.901921323497989,260.9566974776088,192.77495714187148,78.71728019880368,11.77958973020683,1132.2285245484907,612.1064390526135,53.4188704485879,33.711259889657846,39.84693780721309,32.77087368960524,0.5134898121852393,1.097190370014179,531.5626875814511,0.008104643665370026,0.46996803112861196,0.47064954098346834,3.714939063025286,204.70940251043052
2075,10198.881210062771,12.030564370656636,0.14785623339205478,0.18768500626203952,0.060773554898549104,-0.009573589958277612,1.8514825169310005,0.03625818814516554,502.2846046945913,23.332638204423365,0.0055,-0.0024818749999999997,0.2743564234645314,0.2393089222437555,13.76875000109375,0.1653125,1.269375,,0.5862527861719562,373.5392849619771,1184.918008852658,36.62551580593202,123.19803453776392,0.24801445291413854,496.73731949974103,510.95101312422,501.35906635180555,9.591946772414396,0.01877273266132549,4.6217468520645255,213.73996726479683,1202.3048634506376,2.9452393863832884,213.73996726479683,8241.158478808877,101563.99948266525,0.038160607458688794,0.041583020771455585,4.482142799489827,2.32694879644492,0.3753619760202968,1.9515868204246232,270.44471944919303,200.43387017778298,81.69607864702846,12.040509089043153,1152.6151773630477,637.68968608759,54.2078457728573,32.02352741286064,37.720309363708054,31.2574816800291,0.5007104524041436,1.1741636267462832,541.1338860859379,0.009304207013717106,0.4678271730492492,0.4696106535296588,3.8161198470856834,229.81624941555697
2080,10287.372420298283,12.809013665876018,0.1409453823143257,0.17723881826026455,0.060319458227901065,-0.009190646359946505,1.6663342652379007,0.03406935348820234,499.7794497774817,26.398738492890146,0.006,-0.0027075,0.24725633534918434,0.21013607120076566,14.115000001375,0.18525000000000003,1.2574999999999998,,0.6316863250777789,411.4399971708007,1315.6724077148685,39.99466339519096,136.2792119040762,0.24881218267706562,547.719209074877,564.7719809052198,553.5474952864953,11.224485618724598,0.01987436699804747,5.8282862116182805,239.65183296082853,1245.9733099227205,3.050831627468525,239.65183296082853,7760.150257898835,84190.8139999406,0.0375206637286461,0.04124449101788814,4.577080171416263,2.3942512992835545,0.3985814939430152,1.9956698053405395,279.31308915062954,207.51242345547539,84.15895252634023,12.112992156135354,1171.0974572885805,662.8758526341401,54.96669786156467,29.932239867936577,35.13098738997016,29.318506171057987,0.48551596715056045,1.2526450206500732,549.8110128115402,0.010641011151430173,0.46464824937107185,0.4679855081686229,3.9063142042657026,256.99445934214606
2085,10363.64102481578,13.631242849532786,0.13461505004359647,0.16767987171055485,0.059868754542682916,-0.008823020505548645,1.4997008387141106,0.03207114809436889,497.28678937264675,29.86774954080778,0.006500000000000001,-0.002933125,0.22333849974928563,0.18451952399299015,14.46125000165625,0.20518750000000002,1.245625,,0.6791375664662268,452.1977302185783,1458.287459524106,43.63309469478815,150.55774438457723,0.24978245860595796,602.7554746031556,623.0846473760103,610.0626867875097,13.021960588500354,0.020899183832148005,7.307212184354278,267.7560723007823,1286.790000651725,3.155765032372753,267.7560723007823,7304.333865182372,70009.60104466348,0.03689068549677038,0.04090958290087908,4.6566938277949514,2.4552049002958367,0.4218549995266872,2.0333499007691493,287.4293769275725,213.8744198712634,85.96452512816816,11.949798698155242,1187.2181206251594,687.5718800265657,55.689794130236905,27.394038344334188,32.034110211805896,26.912840683651737,0.46767728655205326,1.3318095316538776,557.3793993545349,0.012123012551922864,0.4602937658960597,0.46566892473906546,3.983829041242898,286.29127371058826
2090,10429.298922958658,14.499297747413989,0.12880557817373764,0.1589138820718488,0.05942141849069353,-0.0084700996853267,1.3497307548426996,0.0302429351958096,494.8065611634464,33.7926171310301,0.007,-0.00315875,0.2021919989213666,0.1620257509338816,14.8075000019375,0.22512500000000002,1.23375,,0.728550322807581,496.0293811238411,1613.8928838617853,47.56114335086332,166.14456994200282,0.25090774059380366,662.173951065844,686.258854548408,671.283707024051,14.975147524357022,0.021821427038943495,9.109755958206964,298.10601407182145,1324.145507484908,3.260101300841618,298.10601407182145,6874.643412047013,58397.40083687649,0.03627220155982308,0.04057834137651794,4.718869705936288,2.508791984042,0.44506292009413306,2.0637290639478665,294.6469223776998,219.36868422183596,86.95548001162614,11.498173149164055,1200.469259760326,711.676247724582,56.370967320301986,24.360898202811896,28.380389298364577,23.994514225113168,0.4469828300556727,1.4105978470276859,563.6005914367728,0.013757345699787465,0.4545840817206008,0.4625392388320392,4.046761875880616,317.73796065880646
2095,10485.766194134481,15.41529653391382,0.12346449478415682,0.15085817956439163,0.05897742490916204,-0.008131295697913632,1.2147576793584296,0.028566661725155488,492.33870314404646,38.23324455711587,0.0075,-0.003384375,0.1834631629258703,0.14227407158651437,15.15375000221875,0.24506250000000002,1.221875,,0.7798605575689843,543.1806994650948,1783.7104586570238,51.80171762450117,183.15016041287035,0.2521580322824813,726.3308598779652,754.6912415610216,737.625512734306,17.06572882671566,0.022612861905507868,11.294652856340788,330.74333924643685,1357.364914125106,3.3639221803935127,330.74333924643685,6471.351456151168,48858.61461728385,0.035668134265345014,0.04025099423577307,4.7612476792234455,2.5538821015709607,0.4680721591847323,2.085809942386229,300.80325799449065,223.8274560244699,86.95704259791471,10.700213258217628,1210.2879698750928,735.0769442500131,57.0033808937933,20.77947501411723,24.11541309034467,20.512058935894473,0.4232383566404623,1.487675560825246,568.2103144953487,0.015550286350546174,0.4472867211606107,0.4584529619226683,4.092946822582983,351.3485918970903
2100,10534.288095592989,16.38143116006092,0.11854553455540497,0.14344009681204,0.058536748823332395,-0.007806043869997086,1.0932819114225867,0.02702649499289785,489.8831536178677,43.25740689737666,0.008,-0.00361,0.16684709946278883,0.12493021219858316,15.5000000025,0.265,1.21,,0.8330078149795332,593.9405726654718,1969.0139907415548,56.38165268272341,201.66738422909455,0.25347582623010323,795.6079568945663,828.8007124456032,809.5371974778884,19.263514967714674,0.023242638041263752,13.929240583322104,365.70510787674266,1385.7005618716296,3.4673472538617,365.70510787674266,6094.262977881923,40997.46212533122,0.035084109178572034,0.03992806391969801,4.781148875727885,2.589201134618028,0.49073421507904075,2.098466919538987,305.7181035258249,227.0643519396439,85.77535028461513,9.493588646874775,1216.0513943969588,757.6491674746708,57.57935690770283,16.589655832579727,19.178034700814443,16.407086297347917,0.39626643369541004,1.5613933929234562,570.916147604206,0.017507668774066825,0.43809936514272935,0.4532374505328133,4.119882442032475,387.12206408400715
2105,10575.952337107223,17.39996876095476,0.11400780663092919,0.13794944602342432,0.0580993654450586,-0.0074938021151972015,0.9839537202803281,0.025862329785474876,487.4398511960442,48.9417854320435,0.0085,-0.003835625,0.1520805429376764,0.1097006485155121,15.5000000025,0.265,1.21,,0.8811559188834845,648.6531130701455,2171.0199924707717,61.33283248585136,222.00424572055636,0.25498463141563377,870.6573587907019,909.0154293013907,887.5764130607943,21.439016240596448,0.023584876064285356,16.919054270092442,398.1121692382323,1408.3228198251472,3.570536913602219,398.1121692382323,5742.839337429687,34497.25251270775,0.03452609637060409,0.03961030112269248,4.759452380604909,2.60819392118609,0.5127738260808324,2.0954200951052577,309.4013776188886,229.0824791462945,83.43688748624972,7.990643708159767,1217.9113879595925,778.4114318655547,58.0529448871856,12.433326224131816,14.275409481734918,12.316389148383925,0.3659044176033896,1.624673868071486,571.7893840185881,0.019432505909778484,0.4277088565322458,0.44727769416178553,4.12854796300152,425.0456856954584
2110,10611.705916445464,18.473253040302325,0.10981508597703875,0.1328762540322169,0.057665250171410276,-0.007194050030589313,0.8855583482522952,0.024786978404839437,485.0087347958881,55.37313799134475,0.009000000000000001,-0.004061250000000001,0.13893580799836686,0.09632763823049366,15.5000000025,0.265,1.21,,0.9304760229902118,707.6449899783486,2391.986823874529,66.68531860477565,244.20011559835794,0.25655446896520134,951.8451055767065,995.9112954183703,972.3132150591097,23.5980803592607,0.023694962059193664,20.468109482403168,432.1931292918658,1425.277355585327,3.6735424692204646,432.1931292918658,5416.072409272295,29107.485932709813,0.03397685878236687,0.0392973321037855,4.713521151725947,2.6142739054734196,0.5340394336730357,2.0802344718003836,311.6717715647862,229.69280371586015,79.74322291081157,6.086649413349994,1215.194447604808,798.0829079805192,58.45202606792665,7.665132684889166,8.742754328714692,7.603565146644448,0.332635598666628,1.6799659827860398,570.5138251665766,0.021503613731355897,0.4151187701126411,0.4400508018642633,4.11588555305932,465.2153778892351
2115,10642.371062784383,19.60370562972723,0.10593520827513012,0.12818160201290743,0.05723437858328883,-0.006906288029365741,0.7970025134270659,0.023791971713343008,482.5897436393628,62.6496230969333,0.0095,-0.004286875,0.12721566914074153,0.08458485900156532,15.5000000025,0.265,1.21,,0.9809892680271263,771.310542776523,2633.4448775220467,72.4754416310235,268.31827981296624,0.2580904588087927,1039.6288225894893,1089.9895147419952,1064.299428806852,25.69008593514334,0.023569112902177124,24.670606217362565,467.9946600831136,1435.7298092465396,3.7764761819707706,467.9946600831136,5112.881811752954,24625.12840653654,0.03344559762364871,0.03898934607851515,4.640166030794092,2.6073221706753387,0.5543609951428389,2.0529611755325003,312.3258161581482,228.68443365889777,74.48158607314247,3.7109865499941925,1207.2028224401827,816.5269868063571,58.77350959018357,2.210287862441897,2.5049542080689675,2.195136261277429,0.2966905371505005,1.72587215570132,566.7618884695694,0.023730206090201933,0.3997483181831576,0.4312808817783946,4.078475493643591,507.67137110822244
2120,10668.660025517325,20.793827420508165,0.10233955185574543,0.12383085774545197,0.056806726444053816,-0.0066300365081911105,0.7173022620843592,0.02286978851341873,480.18281725156334,70.88229810637249,0.01,-0.0045125,0.1167490179652441,0.07427357821433443,15.5000000025,0.265,1.21,,1.0327890320116484,840.1788212827644,2896.614264673495,78.7520475179847,294.28408432208516,0.2594038843122727,1134.4629056048495,1191.731853945892,1164.1024075082642,27.629446437627983,0.023184281217410875,29.639501903414565,505.62111589458135,1438.7438381498696,3.879582506225796,505.62111589458135,4832.235642518224,20884.481567341198,0.03295220541764644,0.03868748904547171,4.535492084208949,2.585948652774887,0.5735455773086652,2.0124030754662217,311.132986991474,225.81899830414488,67.41893122061175,0.8085702318118762,1193.1794867480426,833.564351401827,59.00819881544212,-4.02251274344665,-4.53074273970917,-3.998993096613139,0.2582646160873195,1.7601802335750303,560.1781627925083,0.026126461920420382,0.3808370421613786,0.42063046005462595,4.012227468121629,552.4922481473719
2125,10691.188580293347,22.04619986539245,0.09900259301396744,0.1197931375469006,0.056382269698159654,-0.006364835047863466,0.6455720358759233,0.02201373503038026,477.7878954592047,80.1968142261114,0.0105,-0.004738125,0.10738717442828309,0.06521928966812804,15.5000000025,0.265,1.21,,1.0861321231775527,915.0438384054163,3181.8421786149843,85.58859770672095,321.67569320748333,0.26010399689245767,1236.7195316128996,1301.5340181092256,1272.2371772977842,29.296840811441303,0.022509469905367233,35.51764568488468,545.3149402935226,1433.258593499715,3.983356846888682,545.3149402935226,4573.278185286598,17749.107675664574,0.032534226314151114,0.03839447653445645,4.394539647695953,2.5480368994139564,0.5913706045212463,1.95666629489271,307.82693140249427,220.82159981333743,58.29524902556907,-2.6656635822890475,1172.2781166591117,848.9804768406035,59.143202746030596,-11.154180125450713,-12.489228034918108,-11.098575635336665,0.21751223798687497,1.780227578683775,550.3653129854985,0.028719240520575774,0.35731446214971985,0.4076571494023673,3.912027409709079,599.8854710748559
2130,10710.488216436619,23.363486248123387,0.09590152335704921,0.11604084326202954,0.05596098446980245,-0.006110241645948927,0.581014832288331,0.021217841392611354,475.4049183891174,90.73533426308612,0.011,-0.004963749999999999,0.0990007489129683,0.05726876026546782,15.5000000025,0.265,1.21,,1.1,997.2338838836728,3487.224453918347,93.10816311373084,352.91317490606656,0.2613886928898064,1350.1470587897393,1419.5415393863143,1388.736659877809,30.804879508505415,0.0217005833600493,38.589601088069735,553.7222395423017,1418.0483478741005,4.088770777035418,553.7222395423017,4335.513188432009,15104.951431746096,0.03226252868134131,0.038115751632042116,4.245677754384254,2.5018356894782654,0.6078108553021666,1.8940248341760986,303.7748878352261,215.08437632111355,48.89051897012235,-5.159717483288263,1150.5900656431736,855.458282230927,59.073853009064585,-13.671721558421265,-15.221721611459479,-13.613620073213674,0.17452832937128573,1.7699007767803088,540.1831294099406,0.028581776212334334,0.336597816556199,0.3967354586458485,3.8061494250129697,650.1855062596535
2135,10727.017031110336,24.748432918317288,0.09301591972876065,0.11254926287180038,0.05554284706157704,-0.00586583198011097,0.5229133490594979,0.02047677249317689,473.03382646675055,102.65870238463171,0.0115,-0.0051893749999999995,0.09147696890676346,0.05028743672359231,15.5000000025,0.265,1.21,,1.1,1087.0440898637057,3823.7370421237356,101.337034024564,387.5330587774844,0.26280961910646233,1474.5771486411902,1547.4954793436034,1515.1758258151503,32.31965352845311,0.020885135988999493,40.59867717396018,550.96053835111,1399.4050912035261,4.195234516755006,550.96053835111,4116.678764764733,12878.082717816293,0.03189914943480913,0.03784546457998851,4.103489274766747,2.4543796017717314,0.6229406866994233,1.831438915072308,299.493274426785,209.13212196866755,39.854688074149756,-6.6286614745810795,1129.8514229950213,857.5536682085049,58.91601073734085,-14.446463946044089,-15.996464062429174,-14.394172607220167,0.13546639108216205,1.7466223022326373,530.4466774624514,0.027532419861091367,0.3177138018961415,0.3872012632575188,3.703022883684586,703.4174383539143
2140,10741.169394206017,26.20387048932737,0.09032745881080544,0.10929622516107458,0.055127833953143954,-0.005631198700906531,0.4706220141535481,0.019785751051028054,470.6745604146825,116.14889900266667,0.012,-0.005415,0.08471739814379423,0.04415716841969326,15.5000000025,0.265,1.21,,1.1,1184.5364939230583,4195.543779653767,110.28003101431571,425.14449000393563,0.2641172345633039,1609.6809839269938,1686.3123375828823,1652.4285653367351,33.883772246147316,0.020093414186078636,42.747581409741144,548.2126112020728,1379.7053676407386,4.301999315097998,548.2126112020728,3914.6641782373035,11005.753908549177,0.03142172672994398,0.03757780883623665,3.9668121230529163,2.407409374808762,0.6368250038499746,1.7705843709587874,294.9649369239969,202.9464219244357,31.150197944355277,-7.558984589451262,1109.5025722033365,858.2027954374021,58.732713159389135,-15.279094335500233,-16.82909446890474,-15.232032130041945,0.10183406161026394,1.7199775156688681,520.893226386543,0.026556554892916556,0.29883163199434254,0.37798111151461394,3.5999780614426524,759.3198485953716
2145,10753.284470433224,27.732714996737375,0.0878196697837332,0.10626180043831718,0.054715921799906427,-0.00540595075287027,0.4235598127381933,0.01914049104712773,468.3270612511392,131.41181824982073,0.0125,-0.005640625,0.07863598775679807,0.03877420783172237,15.5000000025,0.265,1.21,,1.1,1289.9787115882193,4603.149096188059,119.96136763005669,465.98771762341545,0.265373933049863,1755.9664292116347,1836.4863111546565,1801.0026315482742,35.48367960638232,0.019321505088743415,45.03620233663934,545.4783893968686,1358.8702390014203,4.4086777983347485,545.4783893968686,3727.95654638386,9430.858581826036,0.030886215643859728,0.037310145108541574,3.8332432697922783,2.360714980739822,0.6495110293863756,1.7112039513534465,290.1725119766059,196.50949229274406,22.746065397512066,-8.208860326143402,1089.2192093407186,857.6510296607016,58.52774745833468,-16.170319592465706,-17.720319733660087,-16.12796360734038,0.07287662577242421,1.6906670846315002,511.3705208172388,0.02564753037839053,0.27945233240510503,0.3688499396532117,3.495366644019855,817.5519862268462
2150,10763.653696310677,29.33796901513773,0.08547771948919236,0.10342804058192276,0.05430708743169722,-0.005189712722755458,0.381203831464374,0.018537140005470267,465.99127028851916,148.68041043873723,0.013000000000000001,-0.00586625,0.0731574087053672,0.03404745473459967,15.5000000025,0.265,1.21,,1.1,1403.7761973012355,5048.05209759747,130.41818669643658,510.32136535670685,0.26661199267610347,1914.0975626579423,1998.6603443431734,1961.565757544085,37.09458679908828,0.018559725219984193,47.46819488614288,542.7578045798095,1336.8198031935124,4.515078189637847,542.7578045798095,3555.357741725128,8104.127935459427,0.030322717377481302,0.03704139788811619,3.7010287695824053,2.313709608960459,0.6610330828350551,1.652676526125404,285.0980214226605,189.80326828447144,14.615653023323162,-8.713859712394594,1068.8030830180605,856.016720175452,58.3009182046539,-17.122214815392425,-18.672214960977076,-17.08409442867166,0.04794427344165093,1.6588130894787594,501.785484985005,0.02479925569740964,0.2591854775004113,0.3596618469242134,3.3880844961407552,877.7532468362039
2155,10772.527313306535,31.022722730851378,0.08328822541320792,0.10077875274998158,0.053901307851475316,-0.005,0.3430834483179366,0.017972228832723165,463.6671291319268,168.21823746633623,0.0135,-0.006091875,0.06821562284531751,0.029896914436926617,15.5000000025,0.265,1.21,,1.1,1526.4309296566314,5532.431109510885,141.69664046905132,558.4185944052921,0.2678459946199485,2084.8495240619236,2173.5870526172666,2134.8990501224157,38.68800249485064,0.017799150233373685,50.04952606049254,540.0507887361337,1313.47132844525,4.621111905695526,540.0507887361337,3395.845619646915,6984.116852740533,0.029747000727528845,0.03677123503031665,3.568787819574121,2.2658059532194184,0.671415385571058,1.5943905676483607,279.7226126807546,182.80901111069267,6.736060541992633,-9.143793921570937,1048.1238904118688,853.347438033381,58.05068311779311,-18.137730917172,-19.687731065517536,-18.1034225690622,0.026477518042928066,1.6243657165483298,492.0769438553375,0.024006301405859153,0.23767338397143561,0.3503113291809743,3.277310301531192,939.5323884602351
2160,10780.12005685815,32.79015496829503,0.08123183180075175,0.09829051647890961,0.05349856023403235,-0.005,0.30877510348614295,0.017441069198627913,461.354579677712,190.32349542739817,0.014,-0.0063175,0.06375265675920054,0.02625234396568824,15.5000000025,0.265,1.21,,1.1,1658.5201803133807,6058.938217435543,153.84988029500238,610.5676663448969,0.26908066483370835,2269.0878466582776,2362.103617273397,2321.8707215789677,40.23289569442964,0.017032654876025687,52.782874920690226,537.3572741903039,1288.7380590127427,4.726745706771128,537.3572741903039,3248.5093699362305,6036.361038862887,0.029167439302864695,0.036499670897193366,3.4353678985758713,2.216482223172033,0.6806738230464972,1.5358084001255359,274.026896247026,175.50764698432917,-0.9112878396027841,-9.532839568667438,1027.0904158230849,849.6476431896579,57.77495368011501,-19.218679742966778,-20.76867989316162,-19.187802229631114,0.00799464161826124,1.5872290947933845,482.2020731563779,0.023261715053661064,0.21454433292451305,0.34071346721328466,3.162373256957611,1002.4589412621061
2165,10786.616096298938,34.64353416768466,0.0792262107274915,0.09586371498026472,0.05309882192470864,-0.005,0.27789759313752865,0.016925607704118915,459.05356411201814,215.3335658326095,0.0145,-0.006543125,0.059717548110899375,0.023052063287225817,15.5000000025,0.265,1.21,,1.1,1800.6958642555917,6630.580759220404,166.93797648675377,667.0998946851256,0.2703221659524503,2467.7957589407174,2565.1178124096446,2523.421086142296,41.696726267347955,0.0162552870147428,55.62532720157888,534.6771936043162,1262.5307684541517,4.831983399211009,534.6771936043162,3112.523390385027,5232.3140677473875,0.028589542556522286,0.03622690785096333,3.2998727905867637,2.165311588653459,0.6888178604178623,1.4764937282355965,267.99587193991016,167.88483775663698,-8.334210847782655,-9.891564840007405,1005.6549340087571,844.8758344453946,57.47116362120415,-20.350248179318285,-21.90024833078276,-20.322458417293426,-0.00791911500103784,1.5472800223697456,472.13846667077803,0.02254049063827536,0.1894058871038869,0.33080772456108803,3.0427919055878014,1066.0646957045428
2170,10792.173314159341,36.5862193118214,0.07727010861496789,0.09349683142411114,0.052702070438118885,-0.005,0.2501078338237758,0.016425380399056423,456.7640249093361,243.6301648940384,0.015,-0.00676875,0.05606543900755078,0.020241911445804617,15.5000000025,0.265,1.21,,1.1,1953.65681422971,7250.791105339014,181.02533728461447,728.3356673366619,0.2715651413427117,2681.992481566372,2783.6164170464067,2740.5720026705835,43.044414375823685,0.01546348631665872,58.579521104211366,532.0104799760164,1234.7804300278087,4.936834086227157,532.0104799760164,2987.120004529369,4548.435643095888,0.02801405629032441,0.03595314613227537,3.161488353073756,2.1119167095908016,0.6958512345979573,1.4160654749928443,261.614062178904,159.92606929385863,-15.535988318537932,-10.222876546190715,983.781266608034,838.9991634197747,57.13711720042141,-21.534047185169264,-23.084047337513038,-21.509036399332704,-0.021620859462379273,1.504485018921427,461.86913925259813,0.021841791692868203,0.16176888309144977,0.3205276450598137,2.9181092125361365,1129.8349082838292
2175,10796.927005811509,38.62166079972568,0.07536230283568404,0.09118838643117769,0.05230828345688736,-0.005,0.22509705044139824,0.01593993704509952,454.48590483106665,275.6451694690121,0.0155,-0.006994375,0.0527567948060842,0.017774329953659653,15.5000000025,0.265,1.21,,1.1,2118.154315983489,7923.197975784758,196.18122034569467,794.5995310924119,0.27280009668173866,2912.753847075901,3018.639240267119,2974.4018208080247,44.2374194590948,0.014654755317889605,61.647973732123404,529.3570666374251,1205.4158202298506,5.041312383879109,529.3570666374251,2871.5883120509807,3965.2727583972514,0.027441742978978344,0.03567858474023353,3.0194580841743326,2.0559491310593705,0.701772465847465,1.3541766652119054,254.86551652833936,151.61673940000003,-22.51499091830521,-10.52555148479743,961.4417135252368,831.9741067046139,56.770536158249946,-22.771672405994345,-24.32167255893784,-22.74916269873273,-0.0334180614519916,1.458839784682067,451.381086162083,0.02116484157904778,0.13101388030319636,0.309803226538039,2.7878761456263246,1193.219433060942
2180,10800.99307261681,40.753401264923575,0.07350160094892356,0.08893693714819752,0.05191743883039253,-0.005,0.2025873453972584,0.015468840710461233,452.21914692408905,311.86720858086835,0.016,-0.00722,0.049756730118436704,0.01560755791998302,15.5000000025,0.265,1.21,,1.1,2295.0047254309993,8651.56682739004,212.48089967295732,866.2023671445597,0.27401000370362666,3161.2070925755593,3271.273623823565,3226.0400198456196,45.233603977945315,0.01382752077005252,64.8329272700602,526.7168872530701,1174.363539676222,5.145442140147985,526.7168872530701,2765.2743066243047,3466.7071346817725,0.026873890673792398,0.03540343805065724,2.8730685613854146,1.9970789723256739,0.7065752597383634,1.2905037125873107,247.7338334907718,142.94228044180878,-29.264230265130994,-10.79609164469401,938.6157920227556,823.7477476534665,56.36904112515229,-24.064645960535447,-25.61464611386793,-24.044387223994914,-0.04357545237077516,1.4103690021881936,440.66469109049564,0.020508914908589006,0.09633296725938764,0.2985581356977762,2.65164401375619,1255.6556619580467
2185,10804.470774021329,42.985076336229525,0.07168683995543625,0.08674107634607786,0.0515295145735211,-0.005,0.18232861085753257,0.015011667376640433,449.9636945193377,352.84912111966787,0.0165,-0.007445625,0.04703442655555047,0.013704925297365115,15.5000000025,0.265,1.21,,1.1,2485.1155088190785,9439.675530719674,230.00807358324138,943.4030872639836,0.2751634739102135,3428.518596083062,3542.642036913377,3496.6546842359708,45.987352677406015,0.01298108931081102,68.13608815290831,524.0898758183299,1141.5481133664011,5.249265143071964,524.0898758183299,2667.58251610716,3039.3390567961196,0.02631302292492454,0.035127970925635035,2.721641496044352,1.9349896577803851,0.710248846723181,1.2247408110572042,240.20221187201918,133.88833487868277,-35.77080613659506,-11.029691950347893,915.290048663759,814.2580647026421,55.9301351540055,-25.4143166467014,-26.964316800257315,-25.39608378381229,-0.05232096595556268,1.3591262652220997,429.7136378703094,0.01987333194889213,0.05664275870773181,0.28670718471209744,2.5089624619999147,1316.6072073320302
2190,10807.44509668376,45.32041533891413,0.06991688557052568,0.08459943154033607,0.051144488865431346,-0.005,0.16409574977177932,0.014568005556776559,447.719491230385,399.21639354603093,0.017,-0.00767125,0.04456262909374704,0.012034232284723927,15.5000000025,0.265,1.21,,1.1,2689.5382794188695,10291.049439416734,248.85976799865014,1026.3282964997327,0.2762016007654993,3715.8665759186024,3833.8746313584106,3787.4247082997763,46.44992305863426,0.012115660402326778,71.55813238117388,521.4759666577814,1106.89222702999,5.352858508734842,521.4759666577814,2577.980376178844,2671.979193870347,0.025764121466688588,0.0348525635886072,2.564531312788785,1.8693758378584435,0.7127782981448669,1.1565975397135766,232.2535585441657,124.44101832420718,-42.01521209631687,-11.220732854180714,891.4586319178752,803.4335951121147,55.4511886718106,-26.821669618614717,-28.371669772259807,-26.805260042013572,-0.05985085315419847,1.3051939812168383,418.5251793041668,0.01925745473341812,0.01044763756352418,0.27415372677300054,2.3593821659429834,1375.6230942555796
2195,10809.9887918624,47.76324193419444,0.0681906315150844,0.08251066413325212,0.05076234004832566,-0.005,0.1476861747946014,0.014137455925283657,445.4864809520318,451.67670637855514,0.0175,-0.007896875000000001,0.04231720992102711,0.010567204383852792,15.5000000025,0.265,1.21,,1.1,2909.576643289321,11208.403264797944,269.15630527569164,1114.8061298894106,0.27701294651176056,4024.3827731787314,4146.050540419793,4099.480509704475,46.57003071531792,0.011232383749620824,75.09773652574329,518.8750944235597,1070.3172230046064,5.4563680436774495,518.8750944235597,2496.0077314148766,2355.222381487756,0.025236863280447813,0.034577829294088355,2.401128979541222,1.7999442152062075,0.7141448616359888,1.0857993535702188,223.87070718327823,114.5873355362872,-47.97043275710698,-11.363002147923357,867.1246078145351,791.1926151900713,54.9294273449452,-28.286951880943437,-29.83695203456605,-28.27218326200262,-0.06633408603307545,1.2486833663809196,407.1007548425048,0.018660684323133104,-0.044385138956411926,0.2607868015270327,2.2024630655742983,1432.4023809100913
2200,10812.164126008958,50.31747469503693,0.06650699882413341,0.08047346857720143,0.05038304662623231,-0.005,0.13291755731514127,0.013719630958430418,443.26460785890475,511.03073516808433,0.018000000000000002,-0.008122500000000001,0.04027679028584877,0.009279013887064865,15.5000000025,0.265,1.21,,1.1,3147.004401773109,12192.480691935381,291.0614716070489,1208.026412106451,0.2773864212984325,4355.03081387956,4480.075165183131,4433.780480078427,46.29468510470461,0.010333461693786612,78.74966619886648,516.2871940937232,1031.74410680332,5.560071003492666,516.2871940937232,2421.295645288231,2081.079125602238,0.024749716590666805,0.03430482616343776,2.2308750427625186,1.726418161800122,0.7143263780248276,1.0120917837752943,215.03685694058436,104.31587355028081,-53.600713454144525,-11.449727897047634,842.302289139673,777.4418176636469,54.361926179506796,-29.808930077287716,-31.358930230789397,-29.79563832024202,-0.07191614954157395,1.1897348217816317,395.4470841031329,0.018082459014501093,-0.11101359792883293,0.24647806078854562,2.0377911923040934,1486.720999032727
2205,10814.024383842554,52.9871276163201,0.06486493517243398,0.07848657155864512,0.050006587263796316,-0.005,0.11962580158362712,0.013314154585542637,441.05381640406097,578.1843708087044,0.0185,-0.008348125,0.038422412277309165,0.008147859697680098,15.5000000025,0.265,1.21,,1.05,3395.115251053649,13239.66998279284,313.9548359190273,1320.3225976319748,0.28,4715.437848685624,4836.427328979555,4788.540049047692,47.88727993186189,0.009901374852657139,73.10220036206849,476.8639181718447,991.0955657888367,5.660810898864828,476.8639181718447,2352.072041622043,1847.4812253471532,0.023812671593689626,0.034021254418309436,2.18344862236386,1.6899382290359204,0.7141819593790326,0.9757562696568879,210.3861596955602,98.36581150937482,-53.0696881713963,-7.687907464639421,835.9943755688994,743.1011902199373,53.55751533811342,-15.691711504167959,-16.466711650290534,-15.685730212961996,-0.07672230622123623,1.1103910841675235,392.48562233281666,0.015502738601982617,-0.14127251356412793,0.2502224625223604,1.9951709285850965,1532.8388022393601
2210,10815.615158101065,55.77631055746456,0.06326341421675008,0.0765487312022676,0.04963294078507926,-0.005,0.10766322142526442,0.012920661850514239,438.8540513175988,654.1625456979664,0.019,-0.00857375,0.036737253655250456,0.007154598372314683,15.5000000025,0.265,1.21,,1.05,3669.913710725177,14419.505714583012,339.31622539068934,1427.1886652820137,0.28,5097.102376007191,5223.610108569656,5173.723355924293,49.886752645362456,0.009550244296280869,76.62097991710256,474.4855494577036,969.6977773740622,5.764567327212443,474.4855494577036,2290.470109118077,1640.7843881606761,0.02372975972739864,0.03375042561065388,2.1222595943737064,1.6597027733078178,0.7136249600623332,0.9460778132454847,205.48748249938998,92.19565243077429,-52.713584681046,-6.4246510657931735,826.5448991833251,731.152878190737,53.20456673645106,-16.528556767179417,-17.303556912933043,-16.523173605096616,-0.07345915705195505,1.0770503154627789,388.0492484428757,0.0150322623060837,-0.17837090090647448,0.2459992198490045,1.930718751425662,1577.5696242735899
2215,10816.975455661643,58.68922961570265,0.06170143495435049,0.07465873629476409,0.0492620861723682,-0.005,0.096896899282738,0.012538798583322146,436.6652576052767,740.1248767681177,0.0195,-0.008799375,0.035206379856489334,0.0062824201408012105,15.5000000025,0.265,1.21,,1.05,3961.262590681743,15650.5172538858,366.20796699768835,1540.4910074873446,0.28,5501.753598169088,5633.666166487537,5581.947108113062,51.71905837447553,0.009180355535109952,80.19350994397405,472.11904290701176,947.1588363279084,5.866827386313193,472.11904290701176,2234.2436141446815,1462.5111831590398,0.023003893251757578,0.033474873498887316,2.0492225781184796,1.6272445646309102,0.7125835553217171,0.914661009309193,200.33498617088637,85.80503690253686,-52.51346470020768,-6.064983281289911,815.5615750919256,719.5972612359828,52.84982157517141,-17.385112426047634,-18.160112571265483,-17.38026758017646,-0.07064958561368043,1.044401273179129,382.89275825912006,0.014575990820574264,-0.22620508599939107,0.24025703394332587,1.854872163732161,1612.3494851274547
2220,10818.138645749115,61.73018742822848,0.06017802109734946,0.07281540552779285,0.048894002564993384,-0.005,0.08720720935446419,0.012168221081249337,434.4873805471376,837.3833641401097,0.02,-0.009025,0.033816528158204934,0.005516564420760855,15.5000000025,0.265,1.21,,1.05,4270.871327443277,16943.92896852472,394.7880007178014,1660.89440511683,0.28,5931.765732560107,6068.880868139256,6015.601219598225,53.27964854103068,0.008779155448699135,83.83548703811768,469.76433935698213,923.4518648378435,5.967966055701042,469.76433935698213,2183.2723024087254,1307.9841911848937,0.022333555997444937,0.033196340561351255,1.9682833915419216,1.5912904215934178,0.7110142268987422,0.8802761946946756,194.9217494269029,79.19137648426862,-52.441774545159596,-6.012586643501512,803.6587647225105,707.793100115333,52.47579350812791,-18.265025808895643,-19.040025953388085,-18.260665447615672,-0.06823054460020929,1.0108811975128997,377.3045843767655,0.01413331052134031,-0.2857509947946565,0.2335354668703009,1.7715139361421313,1635.4534282943987
2225,10819.133272465144,64.90358340154067,0.058692220462495046,0.071017586759619,0.04852866925815485,-0.005,0.07848648841901776,0.011808595799529217,432.3203656961418,947.4224155261006,0.0205,-0.009250625,0.03255591970580151,0.004844070012249041,15.5000000025,0.265,1.21,,1.05,4600.315788715671,18309.69263979755,425.20187827092803,1789.0116956116503,0.28,6389.327484327322,6531.421641920216,6476.885954657204,54.53568726301189,0.008349742254119516,87.55847032988174,467.4213799399033,898.5450114620767,6.068223538645295,467.4213799399033,2137.3911656569,1173.5018461912834,0.021698971433834705,0.032915916924094756,1.8808493184470698,1.5518852807037045,0.708883927388721,0.8430013533149835,189.24001718447317,72.35154099143512,-52.46937562887146,-6.05225388609592,791.069928660941,695.4750828011357,52.07762876735251,-19.171109819243764,-19.94610996278878,-19.167185494096586,-0.06614775028068295,0.9761821309209452,371.39433270466714,0.013703863285245275,-0.3601006055973597,0.22599861310289568,1.6819970687277535,1645.321644787039
2230,10819.983750825346,68.2139138663658,0.05724310437602355,0.06926415629498849,0.04816606570175775,-0.005,0.070637839577116,0.0114595990511328,430.16415887680506,1071.9215020029042,0.021,-0.00947625,0.03141409573057268,0.004253555744815192,15.5000000025,0.265,1.21,,1.05,4951.116853693539,19756.74888224515,457.5900452083275,1925.4343319919321,0.28,6876.551185685471,7023.381162063922,6967.922074309662,55.45908775425869,0.007896351696504144,91.37088862419148,465.09010608166784,872.4025889812897,6.167759501747671,465.09010608166784,2096.4214876518363,1056.0659676192895,0.021088331374664517,0.03263430774434641,1.787373142245387,1.5091635965109245,0.7061633775751666,0.8030002189357578,183.28138890682507,65.28249247388923,-52.56684756620656,-6.1083942558988,777.888639558609,682.5139494226806,51.65343141849893,-20.105542627671397,-20.88054276999714,-20.10201073504449,-0.06435446436252293,0.9402910455723456,365.2059340650747,0.013287313095900909,-0.45467969919363715,0.21766170777155328,1.586727606607911,1640.376312997062
2235,10820.710962839988,71.6657721566292,0.05582976709320819,0.06755401818278191,0.047806171499256436,-0.005,0.0635740556194044,0.01112091671542855,428.0187061838447,1212.7807909401397,0.021500000000000002,-0.009701875,0.03038177480930804,0.003735027864688127,15.5000000025,0.265,1.21,,1.05,5324.777546113559,21293.334304443164,492.09128350250523,2070.7468234886064,0.28,7395.524369602165,7546.8191682789075,7490.8032663039085,56.015901974999174,0.00742245186030791,95.27889670174402,462.770459500308,844.985939943556,6.266681127717444,462.770459500308,2060.18648426946,953.2108469958873,0.020493961386485262,0.03235197410811708,1.6879556747568016,1.4631766907504111,0.7028245967731132,0.7603520939772981,177.0369555847995,57.9816482407679,-52.70440097828515,-6.154758887182894,764.1594439600993,668.8264959834565,51.20183434066113,-21.070040349198013,-21.845040489957075,-21.066861645840223,-0.06281044517534308,0.9032572470297052,358.76030232868516,0.012883318604610243,-0.5785413048599957,0.2084761811387119,1.4857661199321446,1619.0205555560158
2240,10821.332767871645,75.26384861102179,0.054451325232239174,0.0658861035310094,0.04744896640650713,-0.005,0.05721665005746396,0.010792243955452582,425.88395398083156,1372.1501473056614,0.022,-0.009927499999999999,0.02945072846777657,0.003279710902343626,15.5000000025,0.265,1.21,,1.05,5722.805090698069,22927.235087535988,528.8447563214193,2225.5353130492495,0.28,7948.340403747318,8103.795144671901,8047.627405247402,56.1677394244995,0.006931041372810217,99.28700150008302,460.4623822045382,816.254066740104,6.365060068484461,460.4623822045382,2028.5200301771638,862.8861002806631,0.01991068469615093,0.032069217530572396,1.5825699825100676,1.4139118189985278,0.6988400079354914,0.7150718110630365,170.49739904884942,50.447190418272356,-52.85153551976818,-6.181877905686533,749.9111760416671,654.342890698437,50.72145764939917,-22.0659840308093,-22.8409841695398,-22.06312319779478,-0.06148104464021943,0.8651435228033721,352.0709746674494,0.012491538668031033,-0.7474614399578899,0.1983587961830416,1.379051027150288,1579.7000690419857
2245,10821.86443950925,79.01293049579651,0.053106917222081315,0.06425936983871838,0.04709443033062917,-0.005,0.05149498505171757,0.010473284943534842,423.7598488988495,1552.4619459807059,0.0225,-0.010153124999999999,0.028613672814881048,0.0028798991580882907,15.5000000025,0.265,1.21,,1.05,6146.725990720199,24665.979608352205,567.991405277568,2390.3934408356336,0.28,8537.119431555833,8696.392695806406,8640.517934061298,55.87476174510855,0.006425050443277775,103.398502505464,458.1658164923061,786.1640885162733,6.462943528336896,458.1658164923061,2001.2717157702552,783.3721993172009,0.01933495356989474,0.03178623388700178,1.4711443713857997,1.3613235262367283,0.6941821251680923,0.6671414010686358,163.65306476019393,42.67838957966124,-52.97671663969326,-6.185754200510985,735.168983499651,638.9951050166223,50.21081948209179,-23.094509151485852,-23.869509287549608,-23.091934401781643,-0.0603364307601052,0.8260199223090021,345.1497575115732,0.012111638279683796,-0.9913517282140598,0.18719880973629147,1.2664808021459053,1521.00534073257
2250,10822.31903947442,82.91790184751632,0.05179570276396407,0.06267280034439653,0.0467425433288748,-0.005,0.046345486546545814,0.010163752595034227,421.64633783516064,1756.4681958827316,0.023,-0.010378749999999999,0.027864174224233918,0.0025288262922293003,15.5000000025,0.265,1.21,,1.05,6598.096875674994,26516.981498911493,609.6749552113951,2565.926562762498,0.28,9164.023438437493,9326.737692915643,9271.639237435142,55.09845548050161,0.0059075806884065175,107.61579899765027,455.8807049493489,754.6715760369743,6.56036173151936,455.8807049493489,1978.3097719058565,713.2174555524794,0.018764314544792177,0.03150314868391027,1.3535944768466779,1.3053528155270804,0.6888234657586464,0.6165293497684339,156.49401610860133,34.67597378494899,-53.04713277235301,-6.164122006915602,719.9587351142817,622.7128409226926,49.66833845420145,-24.15656806479501,-24.93156819727527,-24.154250790071934,-0.05935091818385944,0.7859659259784135,338.0087958283013,0.0117432915488046,-1.3745307108128133,0.17485584134317272,1.1479453950305374,1441.8420804113505
2255,10822.707737588475,86.98374323456574,0.05051686230616746,0.06112540339046263,0.0463932856075074,-0.005,0.04171093789189123,0.009863368309943023,419.54336795187845,1987.2825425029005,0.0235,-0.010604375,0.027196567363497594,0.0022205508127983334,15.5000000025,0.265,1.21,,1.05,7078.51230106708,28487.64521431782,654.0426363434555,2752.7547837483094,0.28,9831.26708481539,9997.011923873695,9943.207689105286,53.80423476841025,0.005382031668875103,111.9406042898964,453.60699044775936,721.730801403163,6.657332997686647,453.60699044775936,1959.5227234770166,651.189755036665,0.01819705570757822,0.03122004032271172,1.2298378775348415,1.2459373458887608,0.6827365633085846,0.5632007825801764,149.01007585344604,26.442568676150415,-53.02855668853302,-6.115301273408572,704.3087865676549,605.4220148355081,49.092347327501344,-25.252973439929274,-26.02797356746042,-25.250887892691825,-0.058502391821489474,0.7450737915471655,330.66140214443897,0.011386182810839423,-2.0650837494827026,0.1611525858810594,1.0233402693563314,1341.8186850392271
2260,10823.040085546912,91.21553143633206,0.04926959653177558,0.05961621180344845,0.04604663752068805,-0.005,0.03753984410270211,0.009571861722128105,417.45088667464637,2248.4277899219433,0.0235,-0.010604375,0.025188707419722463,0.0019498555228451562,15.5000000025,0.265,1.21,,1.05,7589.610180089285,30585.44353577803,701.2456869881181,2951.515070034722,0.28,10541.125250124007,10709.463486352484,10657.499345085149,51.964141267334604,0.004852170356951558,116.37409496114127,451.3446161445565,687.2949285305322,6.7538671952891045,451.3446161445565,1841.2284017746358,564.4798100264159,0.028579293058975826,0.03116502475471722,1.0998031631373595,1.1830173100405825,0.67589404218028,0.5071232678603024,141.1908586631219,17.98323719215567,-52.885342680485365,-6.0379115653189785,688.2508416094732,587.0440869210589,48.48110474781914,-26.38442837566087,-27.159428497134314,-26.38255138316184,-0.05777181057622485,0.7034521042169051,323.12246084951795,0.01104000684934203,-3.6855132695801878,0.1458629126875488,0.892574973713584,1291.1225640442328
2265,10823.32425114475,95.61843903905755,0.048053125859077485,0.058144282289483755,0.04570257956937047,-0.005,0.03378585969243189,0.009288970455983151,415.3688416913233,2543.8896676092027,0.0235,-0.010604375,0.02332908315216092,0.0017121592255655543,15.5000000025,0.265,1.21,,1.05,8133.075321358,32817.973897122516,751.4396808815729,3162.8626249725557,0.28,11295.937946330556,11466.414784031267,11416.854960587752,49.55982344351277,0.004322172568929949,120.91701425719761,449.09352548026465,651.316162563722,6.849968090357579,449.09352548026465,1729.6048282203492,489.57302038684173,0.028474198514283382,0.03111010993348388,0.9634374614150273,1.1165395996160645,0.6682687415087043,0.4482708581073603,133.0257975970184,9.306153620268047,-52.58061356251378,-5.930865733453206,671.8204719213195,567.4956906424025,47.83280555460656,-27.551546949678578,-28.326547062832528,-27.549857656447582,-0.057142780066201014,0.6612297188377845,315.4086722635303,0.010704468706512066,-12.050418164215948,0.12869398220434772,0.7555802414812284,1224.1862825592518
2270,10823.567218647515,100.19773394746205,0.04686668995430326,0.05670869484470694,0.04536109240020417,-0.005,0.03040727372318871,0.009014439890272896,413.2971809506764,2878.1776626206524,0.0235,-0.010604375,0.02160675066217571,0.0015034391929776006,15.5000000025,0.265,1.21,,1.05,8710.641434687846,35192.99852375964,804.7847127221246,3387.471669045274,0.28,12098.11310373312,12270.268726556938,12223.682846872167,46.585879684773545,0.003796647059892521,125.56974313904495,446.8536621775002,613.7458712687057,6.945634946515511,446.8536621775002,1624.320900618076,424.8278231051253,0.028369931905205134,0.031055306372918305,0.8207134816599824,1.0464613493139057,0.6598338844539372,0.3866274648599686,124.50416651399021,0.42345450382603966,-52.076722148251925,-5.793460716249262,655.057438153315,546.6884331153907,47.14559174908483,-28.75486811727136,-29.529868218477233,-28.753347753386908,-0.0566011847176193,0.6185603137866124,307.5387033583639,0.01037928328677121,11.71681543454609,0.10925928824922973,0.6123146663776023,1140.101522638239
2275,10823.77496018767,104.95877881133563,0.04570954725639065,0.05530855218023268,0.045022156804445844,-0.005,0.02736654635086984,0.008748022928956838,411.2358526610792,3256.3938456473475,0.0235,-0.010604375,0.020011574013965788,0.0013201630860205276,15.5000000025,0.265,1.21,,1.05,9324.091898274395,37718.47203450719,861.4454691242701,3626.0357382178204,0.28,12950.127636492214,13123.513561118954,13080.459984795607,43.053576323348295,0.0032806440228707627,130.3323483033925,444.6249702395638,574.5346874724265,7.040863623041772,444.6249702395638,1525.0565084522439,368.83665268054745,0.028266018873288248,0.031000614461160845,0.6716359034090569,0.9727531220901477,0.6505632872989661,0.3221898347911818,115.61509988422817,-8.647682376545822,-51.33610905032889,-5.625511360159401,638.005797097194,524.5288903752325,46.417565670634886,-29.9948646978988,-30.769864780859365,-29.993496370435007,-0.0561348710083863,0.5756275389809206,299.5332380738,0.010064174806750821,4.214461618111745,0.08703703591303795,0.4627707744174436,1038.3574631777
2280,10823.952582366457,109.90703036640282,0.04458097451348528,0.053942979161317184,0.04468575371687887,-0.005,0.024629891715782858,0.008489479778786101,409.184805289217,3684.3107413718935,0.0235,-0.010604375,0.0185341655845306,0.0011592291739046137,15.5000000025,0.265,1.21,,1.05,9975.259539883216,40402.55923190742,921.5912083848311,3879.2675988434735,0.28,13854.527138726691,14028.726648335043,13989.731752674546,38.99489566049615,0.0027796461245557266,135.20461394785684,442.40739394904097,533.632599248019,7.135647342813787,442.40739394904097,1431.5031168975315,320.39140417244664,0.028162096791902888,0.03094602758290589,0.5162462467744589,0.895401533786791,0.6404315972443119,0.2549699365424792,106.34761106989713,-17.883672060878613,-50.32271745795782,-5.4275088512729415,620.7137126997877,500.91888654823134,45.646806232638376,-31.27194886642187,-32.04694891892568,-31.27071737175285,-0.055733374730493966,0.5326503362637355,291.41488859144965,0.009758876112770955,2.6615203090698523,0.06130381114806125,0.30697962150495256,919.0538390409081
2285,10824.104451640827,115.04803868886331,0.043480266330884663,0.052611122260370444,0.044351864214740876,-0.005,0.02216690254420457,0.008238577733473348,407.1439875587988,4168.459431629306,0.0235,-0.010604375,0.017165830817459142,0.0010179138409954585,15.5000000025,0.265,1.21,,1.0499999995965748,10666.025659607189,43253.64518167747,985.3956701231133,4147.898867625018,0.28,14813.924527232208,14988.577418916959,14954.110589340275,34.46682957668482,0.0022995397503958264,140.18606210806772,440.2008775957984,490.9890326119893,7.229977249229646,440.2008775957984,1343.3640846970036,278.45430384579237,0.02805788401044961,0.030891534307953883,0.3546248993276586,0.8144108291716171,0.6294145389846322,0.184996290186985,96.6906099025617,-27.25280695449505,-49.004150175919364,-5.20078739191358,603.2328653802338,475.75616723175546,44.83138828090314,-32.58647498698277,-33.36147498085468,-32.5853666418645,-0.05538768614436673,0.48988738537334914,283.20791801888913,0.009463127873398156,1.9877765275864896,0.031024858109250597,0.14501258547202445,783.1140082047161
2290,10824.234301560207,120.3874463631198,0.04240673473014359,0.051312149023473745,0.04402046951665931,-0.005,0.019950212289784112,0.007995090964241402,405.113348449275,4716.229236046781,0.0235,-0.010604375,0.015898517055419562,0.0008938254928489111,15.5000000025,0.265,1.21,,1.0499999899752608,11398.318492602808,46280.33926406834,1053.0369331491515,4432.679413789981,0.28,15830.99790639279,16005.829697033565,15976.273871001857,29.555826031709024,0.0018465663193446787,145.27596460906892,438.00536013777133,446.5529303570127,7.323842832010073,438.00536013777133,1260.3547933255472,242.13324251091487,0.027953160566035775,0.030837119979399846,0.18688892227318746,0.7298028149047019,0.6174891412152835,0.11231367368941834,86.63292051096374,-36.71313382735292,-47.35473012724458,-4.947670089074394,585.6173864672918,448.9355438897209,43.96940405798278,-33.9387394109708,-34.71373925571234,-33.937741900556304,-0.055090047711776516,0.44763878742810465,274.93774012548914,0.00917667764648016,1.6095220513621769,-0.005335567896615663,-0.023021030015036723,632.1018814191168
2295,10824.345324476573,125.93098756230924,0.041359708719065184,0.05004524755006887,0.043691550981595044,-0.005,0.017955191060805703,0.0077588003165621035,403.0928371945621,5335.980491538204,0.0235,-0.010604375,0.014724766150228214,0.000784864081310948,15.5000000025,0.265,1.21,,1.0499999243390041,12174.111254031788,49491.47457598163,1124.6972347143299,4734.376598790141,0.28,16908.487852821927,17083.343539837842,17058.961187482513,24.382352355328848,0.0014272587973466631,150.47333466058527,435.82075570081236,400.2728311602344,7.417232270367039,435.82075570081236,1182.2026387242283,210.66082681745758,0.027847755847000936,0.030782767904265318,0.013185473150538978,0.6416149038495654,0.6046339137161627,0.03698099013340269,76.16330845829475,-46.20987430605211,-45.359486436104746,-4.671543054575021,567.922404661563,420.3504264986715,43.0589841780082,-35.328949936772304,-36.10394876415187,-35.32805217857777,-0.05483377959712129,0.40624226069597297,266.63023693031124,0.008899278041322433,1.3660089945070186,-0.05015977421860538,-0.19698074725237144,465.13722658695247
2300,10824.44024997311,131.6844870413621,0.04033853387230893,0.0488096259854938,0.04336509010779375,-0.005,0.016159671954725133,0.007529493112902444,401.0824032817735,6037.172151950475,0.0235,-0.010604375,0.013637670571608213,0.0006891855636928076,15.5000000025,0.265,1.21,,0.7920640027561495,13012.940940225826,52896.10376907419,1202.1814190584269,5060.588143421155,0.28,18073.529083646983,18224.076708583467,18148.37842675371,75.69828182976234,0.004153751273122591,74.84934310672716,276.21677510026416,352.0969903373631,7.512053431559573,276.21677510026416,1108.9304562617895,183.14198159064756,0.02799753531674593,0.030733031608059614,1.5465406826261012,1.0945694507029071,0.6024630353134701,0.4921064153894369,121.458076305554,1.3842759075095727,18.390598427997457,15.025862777756684,744.2588134188177,195.83817691854549,40.67980712362997,152.86387707404552,156.08688503184504,152.8605168965425,-0.05461312303459625,0.3130344251436935,349.4172832952196,0.004141379514776182,0.5055169566483834,0.4437947874281738,1.3361538056606976,237.34075756731386
